gender,age,birthplace,M17,M18,M19,M21,M22,M23,M24,M26,M27,M28,M29,M30,M32,M33,M34,M35,M36,M38,M40,M41,M42,M43,M44,M45,M46,M47,M48,M49,M51,M53,M55,M56,M57,adv_score,Probability
Male,1,0,8,8.5,7,8,8.5,9,7.5,6.5,8.5,6,9,7,7,7.5,8,7.5,8,8,7.5,7.5,7,8,7,7.5,7,7,7,8,7,6,6.5,6.5,6,7.61,1
Male,1,0,9,8.5,5,8.5,7.5,8,5.5,8,8.5,7.5,8.5,7,7,7,7.5,8,7,7,8,8.5,7.5,8,5.5,8.5,6,8,7.5,8,7.5,7,8,6.5,6,7.66,1
Male,1,0,7,9,6.5,8,7.5,7,6,5,7.5,5,8,5.5,5,7,7.5,7.5,5.5,6,6,6,7.5,6,6.5,7.5,5.5,6.5,6.5,5.5,6.5,7,7,6.5,2.5,6.03,0
Male,1,1,6,9.5,5.5,9,9.5,8.5,6,7.5,9.5,6,9,8.5,7.5,7.5,8,8.5,6.5,8,8.5,9,8,7,5.5,7.5,7,8,7.5,8.5,8.5,6,8.5,7,9,8.04,1
Male,0,0,8.5,8.5,7.5,8,7,7.5,8,6,8,6,8.5,5,5,6,6.5,7.5,5.5,7.5,7.5,7,8,6,6.5,7.5,6,6.5,5.5,7.5,5.5,7,6,6.5,9.5,6.93,1
Male,1,1,8.5,8.5,6.5,6,6,8.5,6,7,8,6.5,7.5,7.5,6.5,7.5,7.5,7.5,5.5,8.5,7.5,5,6,5,7.5,8.5,6.5,7.5,6.5,8.5,6,6,7.5,6.5,9,7.530000012,1
Female,0,0,8.5,7,7,8,6,7,6.5,7.5,8,6.5,8,7.5,6.5,8,7,8,5.5,7.5,6.5,6,7.5,8,7,6,6,6.5,6.5,8,6.5,7.5,7,6,6.5,7.11,1
Male,1,0,8.5,9,7.5,8.5,8,8,6.5,6,8,6.5,8.5,6.5,6,6.5,8.5,6.5,6,9,6.5,6.5,8,6,8,8,6.5,7.5,7,8,5,6.5,7.5,6.5,9.5,7.4,1
Male,0,0,9,8.5,6,7.5,7.5,8,5,7.5,8,7,8,5.5,6.5,7.5,8.5,7.5,5.5,8.5,7,5,6.5,8,6,8,7,7.5,7.5,6.5,5,5.5,7.5,7,7,7.33,1
Male,1,1,6,8,5,7.5,6.5,6.5,5.5,5.5,7.5,6,8,6,5,7.5,7,6.5,5.5,6.5,6,4,7.5,6,5.5,7,6,6,4.5,6,5.5,5.5,5,6,6.5,6.49,1
Female,1,0,7.5,8.5,6.5,8.5,6.5,7,7,8,8,6,6.5,7,5.5,7,7,7.5,5.5,8.5,7,5,7.5,7,6.5,8.5,6,5.5,6.5,7,7,6.5,7.5,7,8,7.16,1
Female,1,1,9.5,9.5,7.5,9,9,9.5,9,9.5,9.5,6.5,9.5,9.5,9,8,9,9,6,9,9.5,9,9,9.5,8,8,7,7.5,7.5,9,9,8.5,9,8,9.5,8.980000003,1
Male,1,1,7.5,9.5,6,7,8,7.5,8,5.5,8,6,8,6,5,6,7,7,5,8,7.5,5,7.5,5,6,7,6.5,6,6,6.5,6,6.5,7,7,3,6.85,0
Male,1,0,8.5,9,6,8,7.5,8,7,6.5,9,5.5,7.5,8,6.5,6.5,8.5,7,6.5,8,7.5,6,6.5,7.5,6,8,6.5,7.5,7,6,6.5,6,8,8,9,7.65,1
Male,1,0,6,7,6.5,7.5,6,6,5.5,5.5,7.5,6.5,8,6,5.5,7,7.5,7,5.5,7,6,6,7,6.5,5.5,7.5,5.5,6,6.5,5.5,5.5,5.5,6.5,6,8.5,6.61,1
Female,1,0,6,9,6,7.5,6,7,5,8,8,6.5,8.5,8.5,6.5,7.5,9,8,6.5,9.5,8.5,8,6,8.5,8,7,8,7,7.5,5.5,6,7.5,8,5.5,8.5,7.37,1
Male,0,1,10,8.5,5,8.5,8,8,5.5,9.5,8.5,6.5,8.5,8,6.5,7.5,7.5,7.5,6.5,8.5,6.5,8,7,8,7,8,8,7,6.5,6,7,6.5,6,6.5,9.5,7.780000011,1
Male,1,0,9.5,9,5,8,9.5,7,6,9.5,9,6.5,8.5,6.5,7.5,9,7.5,7.5,8.5,7.5,7.5,7.5,7,7,8,8.5,7.5,8,8,5,5.5,7.5,7,6,5.5,7.78,1
Male,0,0,8,7,6,7,7,6.5,6.5,7,8.5,6,8,6.5,6,7,8,5.5,6,9,8.5,7.5,5,5.5,7,7.5,8,7.5,6.5,6,5,6,6.5,5,5,6.73,1
Male,1,0,7,8.5,5.5,7,6,5.5,5.5,6,7.5,6,8,5.5,6,7.5,7,6,6.5,8.5,5,5.5,6,6,6,7,7,6.5,6,5,5,5.5,6,5.5,8.5,6.18,1
Male,1,1,7.5,8.5,6.5,8.5,7,6,7.5,7.5,8,5.5,8,7.5,6,7.5,7,7.5,6,8,6,5.5,7,6.5,7.5,7,7.5,7.5,7.5,6.5,7,6,6.5,5,8.5,7.15,1
Male,1,1,8,9,5.5,8.5,6.5,6.5,7.5,9,8,7,8.5,7,6.5,8.5,8,8.5,6,9,6,7.5,7.5,8.5,6,7.8,8,6.5,7.5,7,7,6.5,5,5.5,0.5,7.29,0
Male,0,0,6,8,5,7.5,6.5,6,5.5,7.5,8,6,6.5,7.5,6,7.5,8,6.5,6,7,5,5,6,8.5,7,0,8,7,7,5,5,7,7,5,1.5,6.25,0
Male,1,1,9,8,5.5,7.5,7.5,6,6.5,8,9.5,6.5,8,8.5,6.5,8,8,7.5,6.5,8,6.5,5.5,7,7,8,8,8,7.5,7.5,5,6,6.5,6.5,5.5,6.5,7.14,1
Male,1,0,5.5,8.5,6,6.5,6.5,5.5,6.5,7,8.5,6.5,7,5.5,5.5,7.5,7.5,7,6,8,5,5,7,5.5,6,6.5,7.5,6,6,5.5,5,5.5,7.5,5,8.5,6.57,1
Male,1,1,7,9,6,7.5,8,5.5,6,7.5,8,6,7,6,6.5,8.5,8,8,6,8,7,6.5,7,5.5,7,7.5,7.5,6.5,7,5,6,6,7,5.5,8.5,7.070000003,1
Male,0,0,0,0,5.5,6,6.5,0,0,0,0,0,0,3,2.5,0,7,7,5.5,7.5,6,7,6,5.5,6,7,7,6,6,6,6,5,7,5,2.5,4.44,0
Male,1,1,6,8.5,6.5,8,9,5.4,6.5,7,8.5,6,9,7,7.5,7,8.5,8,6.5,7,7,5,8,7,7.5,7,7.5,6,6,7.5,7,5,7,6,9,7.09,1
Male,0,0,6.5,8.5,6.5,7.5,5.5,5.7,7.5,8,7.5,6.5,6.5,5,5.5,7.5,7,7,5.5,8,5,5.5,6,6,7,7,7.5,6,7,7,5.5,5.5,7,5,6.5,6.66,1
Male,1,0,5.5,8.5,6,7.5,7,5,5,6,7.5,6.5,8,5.5,5,8,7.5,6.5,5.5,8,7,6,6,6,7,7,8,6.5,6.5,5,6.5,5.5,7.5,5,8.5,6.67,1
Male,0,0,5,8.5,6,6.5,6,5.5,5,5.5,8,5.5,7.5,7,6,7.5,7.5,7,6,7.5,5.5,6,6,6,7,6.5,8,6,6,7,5,6.5,9.5,5.5,8,6.69,1
Male,0,0,5,6,5.5,7.5,7,5.5,6,7.5,8,6.5,7,8,7.5,7.5,8.5,8.5,7,8.5,6.5,5,8,7.5,7,8,9,7.5,7.5,6,7,6.5,6,6,9,7.629999987,1
Male,1,0,7,8.5,6.5,7,7,5,5,7.5,8,6,8,6.5,6,7.5,7.5,7,6,8,7.5,6,5.5,5.5,7,7,7.5,6,6,6,6,6,7.5,5,8.5,6.67,1
Male,1,1,7,7,5.5,7,6,6,6,6,8,6,7.5,6.5,6,7.5,7.5,7.5,6,9,6,6.5,5.5,5,8.5,7,8,7,7.5,6,6.5,5.5,8.5,5,8.5,6.87,1
Male,0,0,7.5,8.5,6.5,7,6.5,5.5,5.5,7.5,8,6,8,6.5,5.5,7.5,7,6.5,6,7.5,5.5,5.5,7,5,6,6.5,7.5,6.5,6.5,6.5,5,5,6.5,6,8,6.56,1
Male,1,1,7,7.5,7,9,8.5,6,5,8,8,6.5,8.5,6,5.5,8.5,9,8.5,7,8.5,6.5,6,8,5.5,7.5,8.5,8,7,6.5,6.5,7.5,5.5,5,5,9.5,7,1
Male,0,0,7.5,8.5,8,9.5,6.5,7,8.5,8.5,9.5,8.5,9.5,9.5,8.5,8.5,9.5,9,9.5,9.5,8.5,9,9,8.5,9,9.5,8.5,8.5,8,8,9,7.5,9.5,6,9.5,8.710000005,1
Male,0,1,7,9.5,6,8,7.5,7,5.5,6,8,6,6.5,5,5,5.5,6.5,8.5,6.5,8,6,6.5,6.5,5.5,5,9.5,8.5,7,7.5,7.5,8.5,7,6.5,6,9,7.300000011,1
Male,0,0,7,8.5,6.5,6.5,6.5,6,5.5,7,7.5,5.5,5,5.5,6,6.5,6.5,7,5.5,7.5,6,6,6,6.5,6.5,7.5,7,5.5,6,7,5,6,6,5,6,6.09,1
Male,1,0,6.5,8,7,6.5,6.5,6.5,5,7.5,6.5,6.5,5,5,5.5,6,6,6,5.5,7.5,7,6.5,8,6.5,7,8,7.5,7.5,7,7,6.5,6.5,7,5.5,8,6.45,1
Male,1,0,6,8,5.5,6.5,6.5,7.5,6,6,8,5,5,5,5.5,6.5,5.5,7,7,7.5,6,7,5,5.5,6.5,7.5,8,7,6.5,6.5,6,7,7,5.5,8.5,6.47,1
Male,0,0,7,8,6.5,6.5,7,5.5,6,6,8,6.5,6.5,6.5,5,5.5,6.5,8,5.5,8,5.5,7,7,5,6,7,8,7,7,8.5,5.5,6,6.5,5,6,6.5,1
Male,1,0,7.5,9.5,7,7,6,7,6,6.5,8,5.5,5.5,5,5,6,6.5,8.5,5.5,8,5,7,7,6.5,6,7,8,7,7.5,7,5.5,6,6.5,7.5,8.5,6.87,1
Male,1,1,7,9.5,6,8,7,6.5,6.5,6.5,5.5,6.5,8,6,8,6,9.5,8.5,5.5,8.5,5.5,8,8.5,6,7,9,8,7.5,7.5,8.5,8.5,7,7.5,5.5,9,7.580000012,1
Male,1,0,5.5,9,6,5.5,6.5,5,5.5,6.5,7,5.5,5,5,5.5,5.5,5.5,6,5,7.5,5.5,5.5,7,6,6,6.5,7,6,5.5,7.5,5.5,6,6,5.5,6.5,6.08,1
Male,1,0,5.5,9,5,7.5,6,5,5,6,7.5,6,7,6.5,5.5,5.5,5.5,6.5,5.5,6.5,5.5,5.5,6.5,6,6,7.5,7.5,5.5,6,5,5,6,5,5.5,6.5,5.79,1
Male,1,0,7,8.5,7,6.5,5.5,7,6,7.5,7.5,6,6,5.5,6,6.5,7.5,8.5,6,8,7,7.5,7.5,6.5,6.5,7.5,8.5,7.5,8,6.5,7,6.5,8.5,5,9,7.25,1
Male,0,1,8.5,9,7,8,10,8,7.5,9,10,8,6,8.5,8.5,7.5,9.5,9,7.5,10,9,9.5,8.5,9.5,6.5,10,8,9,8,8,7.5,8,9,8,9.5,9.090000012,1
Female,0,0,9,8.5,7,8,8,9.5,6,8.5,9.5,8,7,7.5,7.5,6,10,8.5,5.5,9.5,8,7,8,8,6.5,9.5,8.5,8,8,8,8,7.5,8,6,9,8.120000003,1
Male,0,0,7,8,5.5,6,6,6,6,5,8,7,5,5.5,5.5,6,6,6.5,5.5,7.5,5,5,7,5,6.5,5.5,8,5.5,7,7,5.5,6.5,6.5,5,9,6.14,1
Male,1,0,6.5,8.5,6.5,7,8,7.5,5.5,7.5,9,6.5,6,8.5,7.5,6.5,9.5,8,7.5,9.5,8,8,8,7.5,7,9,8,7.5,7.5,7,6,7,7,5.5,6,7.25,1
Male,1,1,5.5,9.5,6,8.5,8,6.5,5.5,7.5,8,7.5,7,6,6,7,8.5,8.5,6.5,8,8,6.5,7.5,5,6,6.5,7.5,7.5,7,7.5,9,6,6,5,8.5,7.15,1
Male,1,0,6.5,8.5,5.5,6,7.5,6.5,6,6,7.5,6,5.5,6.5,6.5,5.5,8,8,8,7.5,5,6,7,5,6,8,7.5,8,8,7,6,5.5,8.5,5,6.5,7.150000001,1
Male,0,0,5,8,0,7.5,6.5,4.5,4.5,5,5.5,5,7,5,4.5,3.5,6,7.5,6,7.5,6,2.5,5.5,4.5,6,6.5,7,5.5,4,0.5,5,6,0,0,0,4.19,0
Male,1,0,6,8,6,7.5,6.5,6.5,6,6,6,6,7,5.5,6,5.5,7.5,8,5.5,8,6.5,5.5,7,7,6.5,7,8,7,6.5,7.5,6.5,7.5,6.5,5.5,6,6.56,1
Male,0,0,6.5,8.5,6.5,7,9,6,6,5.5,7,6,6,6,5,5.5,7,7.5,6,7.5,5.5,5,7.5,5,6,7,7.5,4,4,2,5.5,5,0,3.5,2.5,5.11,0
Male,0,0,6,6.5,0,5.5,6,0,5.5,8,8,6,5.5,8,7,5,8,8,5.5,7.5,7,6,7.5,6.5,7,6.5,7.5,7.5,3,0,6,4,0,0.5,2.5,4.29,0
Male,1,0,6.5,8,5.5,5,5.5,6,5,6,6.5,5,5,5,5,7,7.5,7.5,5.5,7.5,4.5,4,6.5,5,6,6.5,7.5,6,4,5.5,4.5,3.5,6.5,5.5,8.5,5.6,1
Male,0,0,5,8,5.5,5,7.5,6,6,6,6.5,7,7,5.5,5,5.5,8,8,6.5,8,5.5,7.5,7,5,7,8.5,7,6.5,6,7,6.5,6.5,6,5,8,6.45,1
Male,1,0,6,8.5,6,7,7.5,5.5,6.5,6,7.5,5,6,6.5,6.5,7,7,7.5,6,8,5,5,7,5.5,6.5,6,7,6,6.5,8,6.5,5,6.5,6.5,5.5,6.37,1
Male,1,0,6,8,6,7,7,5,5,6,6.5,6,6.5,5.5,5.5,5,8,5.5,6,5,5.5,6,6,6,7.5,7.5,8,5.5,5.5,6,5,5,6,5.5,8.5,6.13,1
Male,0,0,6.5,9,6.5,5.5,8,7,6.5,5,8.5,6,5,6.5,6.5,8,8.5,7,6.5,9,7.5,7,8,6,6.5,6.5,8,7.5,7.5,7.5,7,7,7.5,5.5,8.5,7.25,1
Male,1,0,5.5,8,6.5,5.5,6.5,5.5,6.5,5.5,7.5,5,5.5,6,6,5.5,8,6,6.5,8,6,7,5.5,6,6,8,8,5.5,6.5,7.5,5.5,6.5,7,6,8.5,6.37,1
Male,0,0,6.5,9.5,6.5,6.5,7.5,5,5,7.5,6,6,5.5,6.5,5,7,8,7.5,6.5,7.5,7,5,6,6,7,6,7.5,6.5,5.5,7.5,5.5,6,7,6,9,6.47,1
Male,1,0,6,9,7,6,7.5,7,5,6,9.5,6,5.5,5,7,6,8,6.5,6,9,7,5.5,8,5.5,6.5,8.5,7.5,7,6,5,5.5,5,7.5,5,9,6.67,1
Male,1,0,6,8,5.5,7,7,5.5,5,6,7,7,6,6.5,6,6.5,6.5,8,6,8,5,6,7.5,6.5,5.5,8,7.5,7.5,8,5.5,6,5,8,5,9,6.91,1
Male,0,1,6,9.5,8.5,8.5,8.5,8,5.5,7,9,6,8,6,5,7,10,9.5,6,9,5.5,7,9,7.5,7.5,9.5,7.5,7.5,7,7,9.5,6.5,6.5,6.5,10,7.840000011,1
Male,1,1,5,8.5,6,6,6.5,5.5,5.5,5,7.5,6.5,5.5,6.5,5,5.5,5,6,5.5,7.5,5.5,5,7,5,6,6.5,7.5,6,5.5,6,5,5.5,6.5,5.5,8.5,6.17,1
Male,1,0,5.5,9,6,7.5,7,7,5,5.5,7.5,6,6.5,6,5.5,6,8,8,6,9,7,5.5,6.5,8,5.5,8.5,8.5,6,7.5,7,6.5,7,7.5,5,8.5,6.95,1
Male,1,0,6,8,5.5,5.5,6,6,5.5,6.5,7.5,6.5,5.5,7,6,6.5,8,8,6,9,5.5,5.5,7.5,7,7.5,9,8.5,5.5,6.5,7.5,5.5,7,6.5,6.5,9,6.54,1
Male,1,0,6,8,5,5.5,6,5.5,5,5,7.5,6,5,5,6,5.5,5.5,6.5,5,8.5,5,7,7,5,5.5,8.5,8,6,7,6,5,6,6.5,6,8.5,6.28,1
Male,1,1,6,8,6,6,6.5,5.5,5,5.5,8.5,7,6,5,5,7,7.5,7.5,7,9.5,7,6.5,7.5,5.5,6,9.5,7.5,7,7.5,5,8.5,7,7,5.5,9,7,1
Male,0,1,6.5,7.5,7,8,9,6,4.5,7,8,5.5,7.5,6,6,5.5,5.5,8,5.5,8,5.5,5,7,5.5,7,8.5,8,7,6,6.5,6,6,6.5,5.5,6.5,6.3,1
Male,0,1,7.5,8,6.5,8,8.5,7,7,6.5,7.5,5.5,7,7.5,7.5,7.5,7,9,5.5,7.5,9,7.5,7.5,7,7,8,8.5,7.5,8,7,7.5,7,8,6,8,7.57,1
Male,1,0,7.5,9,6.5,7.5,8.5,6.5,5.5,7,8,6.5,7,7,7,7,9,8.5,7,9,6.5,6.5,8,7,6.5,9,8,7.5,7.5,6,8,6.5,7,7,9.5,7.740000003,1
Male,1,0,5,8,5.5,6,6.5,5,5,2.5,7,4.5,4.5,5,2.5,0,0,2.5,5,6.5,6,3.5,7,4.5,5,6.5,7,4,4,3,5,6,6,3,2,4.65,0
Male,1,0,6.5,8,7,5,9.5,7.5,5.5,5,7.5,6,6,5.5,5.5,5.5,5.5,7.5,6,8,5,6,6.5,5,5,7,8,5.5,6.5,7.5,5,6,6.5,5.5,5.5,6.26,1
Male,0,0,6,8,8,6.5,9.5,8,5.5,6,9,7,6.5,5.5,6.5,6,8.5,8,6.5,9.5,6,6.5,7,6,5.5,9,8,5.5,7.5,7,6,6,7.5,6.5,8.5,7.13,1
Male,0,1,6,9,6.5,6,7.5,5,5,6,7.5,6,6.5,6.5,5.5,6.5,6,7.5,5.5,9.5,5.5,5,7,5,6,8.5,8,6,6,6.5,5.5,6,7,5.5,9,6.770000012,1
Male,1,1,6,8,7.5,7,8,7.5,5,6.5,6.5,6.5,7.5,5,5,6,7,8,5,9,5,6,7.5,6,7.5,9,7.5,7.5,7,7.5,8.5,6.5,7.5,5,9.5,7.190000012,1
Male,0,0,6,8.5,6,5.5,7,5,5.5,6,7.5,7,6,5,5.5,6.5,6.5,6,6,7,5,6,7,6.5,5.5,7,6.5,6,5.5,6,5,6.5,5,5,5.5,6.1,1
Male,0,0,6,8,6,6.5,7,5.5,5,6,7.5,5.5,6.5,5.5,5.5,7,7,6,6,8.5,5,7,7,5,6,6.5,7,5.5,6,6.5,5,6,6,6,6.5,6.19,1
Male,0,1,5,8,5.5,7,5,5,5,6,6,5.5,8,5.5,6,6,6.5,8.5,6,7.5,7,5,7.5,6.5,5.5,7.5,7,1.5,2.5,0,7,6,0,6.5,0,4.07,0
Male,0,1,6.5,8.5,6,5.5,8,7.5,6.5,6,7.5,6,7,6.5,5.5,7.5,9.5,8,5.5,9.5,6,6,6,7,6,9,8.5,7.5,7.5,6.5,5.5,7,8,7,8.5,7.210000001,1
Male,1,0,6.5,8,6.5,5.5,9,5.5,7,5.5,8,5.5,6,8,7,5.5,6.5,7,6,9.5,6,6,7,7.5,5.5,9,7.5,7.5,7.5,5,6.5,7.5,7.5,5.5,5.5,6.960000003,1
Male,0,1,7,7,5,6,9.5,6.5,8.5,8.5,9,5.5,6.5,7.5,6,7,8,5.5,8,8,7.5,6,5.5,5,7.5,6.5,8.5,7.5,8.5,7,6,7,8.5,6,7,7.28,1
Male,1,0,7,8,6.5,8.5,6,6.5,6,6,6,6,6,5,5.8,5,7,8.5,6.5,8,5,7.5,8,6,7,7,7,6.5,6,7,7,6.5,6.5,7,9,7.010000001,1
Male,1,1,5,7.5,5,6,5.5,5,5.5,6,6.5,6.5,6,6.5,5,6,7,5.5,5,7,6,5,5.5,5,8,7,7.5,6,5.5,5.5,5.5,6.5,5.5,5.5,8,5.89,0
Male,1,1,5,7,5.5,6.5,5,5.5,5.5,7,7,6,6.5,5,6,7,6.5,6,7.5,7.5,6,6,6,5.5,7.5,6,7,7,7.5,5,7,6.5,7.5,6,7.5,6.5,1
Male,1,0,6.5,6.5,6,5.5,5.5,5,6,5.5,7.5,5,7,5,6.5,5,9,5,6.5,7.5,5,5,7,5.5,6.5,5,7.5,5,6.5,6.5,6,5,6.5,5.5,9,6.18,1
Male,0,0,8,8.5,6.5,4.5,8,7.5,3,0,6.65,6,6,5,5.5,5.5,2.5,6,6.5,7,4.5,6,0,6.5,6.6,6.65,7,7.5,6.5,5,6.5,6.65,6.5,7,5,5.73,1
Male,1,0,5,8.5,6.5,5.5,5.5,5,5,5.5,7,5.5,5.5,5.5,5,5,7,5,6,7,5,6,5,5,6,5,7,6,5.5,7,5.5,6.5,5,6,7.5,6.09,1
Male,0,1,6.5,6,2.5,6.5,6.5,5.5,5,5,7,6.5,8,6.5,6,6.5,7,8,5.5,7.5,5,2,6,5,7.5,0,7,5,6.5,6,6,0,6,5,0,6.12,0
Male,1,0,6.5,7.5,5,8,6.5,6,5.5,6.5,9.5,6,7.5,6,5.5,6.5,8,7.5,8,8.5,5,5.5,7,6,7,5,7.5,7,7,6,9,6.5,6.5,5.5,9,6.95,1
Male,1,1,5.5,7.5,4.5,6,5.5,6,6,6.5,8,6,6,5.5,1,7,8,6,5.5,7.5,5,5,5.5,5.5,7,6,7.5,6,6.5,6.5,6,5.5,5.5,5.5,5.5,5.75,1
Male,0,0,8.5,0,6.5,7.5,6.5,8,8,0,7.46,7,0,6,0,0,0,0,0,0,0,0,0,0,0,7.46,4,0,0,0,8.5,7.46,0,0,0,2.35,0
Male,0,1,9.5,8.5,7,6,7.5,7.5,5,0,6.64,7.5,7,5,6.5,6.5,5,6.5,8,7,5,6,5.5,6.5,6.25,6.64,7,7.5,5.5,5,8,6.64,6,7,6,6.65,1
Male,0,0,5,8,5.5,5.5,5,5.5,5,5.5,6.5,5,5.5,5,5.5,5,7.5,5.5,6,8,5,5.5,5.5,5.5,6,6.5,7,6,6.5,6,6,6,7,6,7,5.91,0
Male,1,0,6.5,8.5,5.5,7,7,6,6,7,7.5,6,7,6,6,6.5,6.5,6.5,5.5,8,6.5,6,6.5,6.5,7.5,6.5,8,7,7.5,6.5,7,7.5,7.5,7,8.5,7.14,1
Male,0,0,9,8.5,6.5,5,7,7,5,0,6.7,6.5,7,5,6,6,6.5,5.5,7.5,7,5.5,6,5,6.5,6.05,6.7,7,8,6,5,8,6.7,7,8,5.5,6.76,1
Male,0,0,8.5,8.5,6,5,7,7,9,0,7.01,7,6.5,5,6,6,6.5,8,7.5,7,9,5.5,8,6.5,6.5,7.01,6,7.5,7.5,5,8.5,7.01,7.5,7.5,5.5,7.05,1
Female,0,0,9,8.5,5,7,7,8,7,7.5,9.5,8,7.5,7.5,5.5,9,8.5,7,8.5,8,8,7,7,8,9,7,9,7.5,8,8,7,6.5,7.5,7.5,7,7.660000001,1
Male,1,0,8,9,5,5.5,7,8,5,7.5,8.5,6,6.5,6.5,6,6.5,9,6,7,8,5,6,6,6,7.5,5.5,8,7,7.5,7.5,6.5,6.5,6.5,5,8.5,6.86,1
Male,0,0,5.5,6.5,5.5,5.5,6,5,5.5,6.5,7.5,6,6.5,6.5,6,6,8,5,5,7.5,5.5,5,7,6,8.5,5.5,7.5,6,6.5,6.5,7,7,5.5,5.5,7,6.32,1
Male,1,0,7,8,5.5,5.5,5.5,6,6,5,7,6.5,7,6.5,6,6.5,8.5,5.5,5.5,8,5,5.5,6,7.5,7,5.5,6.5,6,5.5,6,6.5,6.5,5,5,8,6.32,1
Male,1,1,6.5,8.5,5,6.5,5.5,5.5,5.5,6.5,7,5,6,6.5,6,6.5,8.5,6,5,7.5,5.5,5,6.5,5.5,7.5,6.5,6,6,5,5.5,6.5,7,6,5.5,8.5,6.42,1
Male,0,0,7,8,5,5.5,6,6,5,6.5,9,6,5.5,7,6,6.5,8.5,5,5.5,7.5,5,5.5,5.5,6,7.5,5,7.5,6.5,5.5,6,5.5,0,4.5,1.5,8.5,6.36,1
Male,1,1,5,6,6,5.5,6,5,5,5.5,7,5.5,6,5.5,5.5,6,7.5,5,6,3.5,4.5,5.5,5.5,6,8.5,5.5,8,5.5,5.5,5.5,5,6,6,5.5,5,5.53,0
Male,0,1,6.5,5,6,9,5,5,6,6,8,6,6.5,5.5,5,5,9,8,6,8.5,8,5.5,8,5,7,5.5,8,5.5,6.5,7,8,5.5,5.5,6,9,6.38,1
Male,0,1,5,6.5,6,7,5.5,5.5,5,5.5,7.5,5.5,6.5,6.5,5.5,6,6.5,6.5,6,7.5,5,5,6,5,7,6,7,5,6,5,6.5,5,5.5,5.5,6,5.88,1
Male,1,1,8,8.5,5.5,7.5,7,9,5,8.5,8,7,8,6,6.5,8,9,7.5,6,8.5,7,6,8,5,8,7.5,8,7,8,7.5,8.5,7,7,7,7.5,7.47,1
Male,1,1,6,7.5,8,6,9,6,6,5.5,7.5,8,7.5,5.5,5.5,6.5,8.5,8,6.5,7.5,5,5,7,6,8,5.5,7,6,6.5,7.5,6.5,7.5,6,7.5,9.5,6.96,1
Male,1,1,8,7.5,6.5,6,5.5,9,5.5,6.5,9,6.5,6,6.5,7,7,9,5.5,8,9.5,5.5,7,7,7,7,5.5,8.5,6.5,7.5,7.5,6,8,6.5,6,8.5,7.18,1
Male,0,0,9,9,7,6,6.5,6.5,5,0,6.74,7,5,6,5.5,5.5,6,6.5,6.5,7,8,5.5,7,6.5,7.15,6.74,7,7,7,6,8,6.74,7,8,5,6.74,1
Male,1,0,7,8.5,7,6,6.5,6.5,5,6.5,7.5,6,6.5,7.5,5.5,6.5,8,5,6.5,7.5,5,5,5.5,6.5,7,5.5,8,7,6.5,7.5,6.5,8,6,5,6.5,6.47,1
Female,1,0,8.5,8.5,5,6.5,5,7.5,6.5,7.5,9.5,5.5,7.5,8,6.5,7.5,9.5,7,7.5,9,6.5,5.5,7,6.5,7,6,8,8,8,8,7.5,6.5,7.5,6,6.5,7.45,1
Male,1,1,7.5,8.5,7,6,6.5,7.5,6,6.5,9,6.5,6,6.5,7,6.5,8.5,6.5,7,7.5,5.5,5,7,5.5,7,7,6.5,5,6.5,7,6,7,6.5,5,7,6.81,1
Male,0,1,9,9.5,7,7.5,8,8,6,0,7.55,8.5,7.5,5,7,7,7.5,7,7,7,7,6.5,7.5,7.5,7.9,7.55,8,7.5,7.5,5.5,8,7.55,8.5,8.5,6,7.59,1
Male,1,1,7,8,5,6.5,6,6,6,6.5,7.5,6.5,6,6.5,6.5,7.5,8,5,7,7.5,5,5,5.5,6.5,7.5,7,8,6,5,7.5,6,5.5,6,6,9,6.43,1
Male,1,1,9,8,6.5,6.5,7,7,6,6.5,8.5,6.5,8,6,7.5,6.5,8.5,7,6.5,7.5,5.5,5.5,7,5.5,8,6,7.5,5.5,7.5,6,7.5,7,6,5,8,6.76,1
Female,1,0,6.5,8,7,6,5,6,5.5,6.5,8,5.5,6.5,6,5.5,7,8,6,7,6.5,5,5,6,5.5,6,5.5,7.5,5.5,7.5,7,6,6,7,5.5,8,6.56,1
Male,0,0,6.5,8.5,7,6.5,5.5,7,5.5,7,9.5,7,7.5,6.5,7,7,8.5,6.5,5.5,7.5,5,6,7,5,7.5,6,7.5,6,6,7,6,6.5,5.5,5.5,7.5,7.020000003,1
Male,1,0,8,8,6,8,7,7,6.5,6.5,7,7,7,6,6,6,8,7.5,5,7.5,5,5.5,6.5,5.5,8,8,7.5,6,7,7.5,7.5,7.5,6,5.5,9,6.93,1
Male,1,1,5.5,8,5,5.5,6,5,5.5,6,6,5,7,7.5,5.5,5,7.5,6.5,5,6.5,5,6,6,6,6.5,6.5,7,5,5.5,6,6,5.5,5,6,8,6.13,1
Male,0,1,7.5,5.5,6,8.5,6.5,5.5,5,7,7.5,5.5,7.5,6.5,7,8,8.5,7.5,7,8.5,5,5.5,8,6,7.5,5.5,8.5,7.5,7,7.5,8,8,7,7,8.5,7.709999988,1
Female,0,1,9.5,8.5,7,5,7,9,8,0,7.03,7,5.5,5,6,6,6.5,6,7.5,7,7,5.5,7.5,7,7.3,7.03,6,8,7,6.5,8,7.03,7,8,5.5,7.05,1
Male,0,1,6,8.5,5,8,7,5,5.5,7.5,10,6,7.5,6.5,8,8,8.5,8,5,8.5,8,6.5,7.5,6.5,7.5,6,8.5,7,8.5,6,8,6.5,7.5,6.5,8.5,7.35,1
Male,1,0,7,8.5,6,8,6,7,5.5,5.5,7.5,6.5,7,6.5,6.5,7,8.5,6,7.5,7.5,5,5,6,5.5,8,8,7,6.5,5.5,6,7,7.5,6,6,6.5,6.59,1
Male,1,1,7.5,7.5,5,5,5,5,6.5,7.5,7,5.5,6,5,5.5,6.5,9.5,5,6,6.5,6,5.5,6,6,7.5,6.5,7.5,5,7.5,6.5,6,7,7.5,5.5,9.5,6.58,1
Male,1,1,6.5,8,5,8.5,7,6,5,6.5,7.5,7,8,5,5.5,7.5,7.5,7.5,6.5,8,5,5.5,8,5,6.5,5,7.5,7,7.5,6.5,8.5,6.5,8,5.5,9,7.160000001,1
Male,1,0,6.5,7,5,7.5,5.5,7,5,7.5,9,6.5,6.5,7,6.5,7,8,6.5,5.5,7.5,6.5,5.5,6,5.5,7.5,6,7,6,6,7.5,6,6,6,6,6.5,6.650000003,1
Male,1,0,6,8,5.5,8,7,7.5,7,6,8,6,8,6.5,5,6.5,8,8,5.5,7.5,5,5.5,8,5,7.5,5.5,8,6.5,6,5,7.5,6.5,6.5,5,10,6.99,1
Male,1,1,8,8.5,5,6,7.5,7.5,6.5,8,7.5,6,6.5,8.5,7,8.5,9,7,7.5,8.5,8.5,6,7,7.5,7,7,8,8,9,6.5,8,6.5,8.5,6.5,7,7.67,1
Male,1,1,8,8,6,6,6,7.5,8,7.5,9.5,5.5,7,6.5,6,8,9.5,7,5.5,8,7,6,7,6,6.5,6,7,7,7.5,7.5,7,6.5,8,6,9,7.17,1
Male,1,1,6.5,8.5,6,7,6,5.5,5,5.5,8,6,6.5,6.5,6.5,6.5,8,7,6,8,6.5,5.5,7.5,6,7.5,6.5,8,6,6.5,7,6.5,5,5,5.5,7,6.62,1
Male,0,0,9,9,7,7,7.5,8.5,8,0,7.56,8,7.5,6,7,7,8.5,6.5,8.5,7,7,6.5,8,6.5,7.55,7.56,8,8,6.5,6,8,7.56,8.5,8.5,6,7.61,1
Male,0,0,8.5,8.5,6.5,6,8.5,7,8,0,7.01,7,7.5,5,5,5,8,5.5,8.5,7,5.5,5.5,6,7,5.9,7.01,7,8,8,6.5,7,7.01,7,8,7,7.07,1
Male,0,1,8,0,0,6,6,0,3,0,6.13,3,0,5.5,5,5,0,0,3,0,0,0,0,0,0,6.13,0,0,0,0,6.5,6.13,0,0,0,1.74,0
Female,0,0,9,9.5,7.5,5,7,8.5,5,0,6.9,6.5,5.5,5,5.5,5.5,5,5.5,8.5,7,5.5,5.5,7,6.5,5.9,6.9,7,7.5,6.5,6,7,6.9,7.5,7.5,7,6.98,1
Male,0,0,7.5,9,5.5,7.5,5.5,8,6,7,8.5,6.5,6.5,7.5,7,6.5,8,6,8,8.5,5,5.5,7,5,7.5,6,7,5.5,5,7,7,6.5,5.5,7,9,6.86,1
Male,1,1,8,9,6.5,7.5,6,6.5,6.5,7.5,8.5,6,7.5,7,6,7.5,8,7.5,5.5,7.5,6,5,6.5,5,7.5,5,6.5,8,6.5,7,7,5,6.5,5,8.5,6.880000001,1
Male,1,0,6.5,8,5.5,6,6,6.5,6.5,5.5,8,5.5,5,5,6.5,6.5,7.5,6,6,7.5,5,6,6,5.5,8,6,8,6.5,6.5,7.5,6,5,6.5,5.5,8.5,6.39,1
Male,0,1,9,8,7,6,7,8,5,0,6.99,7.5,6.5,5.5,6.5,6.5,7.5,6,8.5,7,6.5,6,7,5,7,6.99,7,7.5,7,5.5,8,6.99,7.5,8,5.5,7.04,1
Male,1,0,5.5,8,6,8.5,6.5,5.5,5,6.5,8,6.5,8,5,5.5,7.5,7,8.5,6.5,7.5,6,5.5,8,5.5,6,6.5,7,7.5,6.5,7,8,5,6.5,6.5,9.5,6.94,1
Male,0,1,7.5,7.5,5,5.5,7,8,5,7,9,6,6,7,7.5,6.5,9.5,6.5,7.5,8.5,6,5,7,5.5,7.5,5,7.5,7.5,7.5,6.5,6.5,6.5,6.5,60,8,7.050000001,1
Male,0,0,7,7,7,5.5,6.5,5,5,5,7,6,5,6,5.5,5,8.5,7.5,6,8,6,5,6,5,8,6,7,6.5,6,7,6,6,6,7,8,6.12,1
Male,0,1,8.5,8.5,6.5,8.5,7,7,5,6.5,9,5.5,7,6.5,6.5,8,8.5,7,7,8,6,5,7,5.5,8,6,8,7.5,7.5,8,7.5,5.5,8.5,6,8.5,7.370000001,1
Male,0,1,9,8.5,6.5,6.5,7.5,7.5,8,0,6.86,7,6,5,5.5,5.5,7,6,7.5,7,6.5,6,8,6.5,7.15,6.86,7,7.5,6.5,5.5,7,6.86,7.5,8,6.5,6.86,1
Male,0,1,9,5,7,8,6.5,7.5,6,0,6.74,7,6.5,6,6,6,5,7,8,7,5.5,6,8.5,5,6.45,6.74,7,8,7,5,7.5,6.74,7,7,5,6.73,1
Male,1,1,6.5,6.5,6,5.5,6,5.5,5.5,5,8,5.5,5.5,6,5.5,7.5,9,6,6,7.5,5.5,5.5,5.5,6,6.5,5.5,7,5.5,5,6,6,5,5.5,5.5,8.5,6.05,1
Male,0,1,7.5,8,6,5.5,5.5,6.5,5,6.5,6,5,6,7,5,6.5,8.5,5.5,6.5,9,5,5.5,6,5,7,5,7,6.5,5,6.5,6.5,5,6.5,6,8.5,6.24,1
Male,0,0,9,9,6.5,8.5,7.5,8.5,6.5,0,7.15,7.5,7.5,6,5.5,5.5,8.5,5.5,8.5,7,5.5,6,5,7,6.45,7.15,7.5,8,7,5.5,8,7.15,8,8,7,7.18,1
Male,0,0,5,5.5,7,6.5,6.5,5.5,7,8,8.5,7,5.5,5.5,8.5,8,8.5,7,6,8,6.5,6,5.5,6,8,7.5,8,8,8.5,8.5,7.5,6.5,8.5,8,9,7.38,1
Male,0,0,0,0,0,0,0,0,0,0,9.5,0,0,0,0,0,0,0,0,0,0,0,0,0,0,9.5,0,0,0,0,0,9.5,0,0,0,0.22,0
Male,0,1,8,8.5,6,8,6.5,8.5,9.5,8,9.5,6.5,8.5,8,7,9,9.5,7.5,8,8,9,6,7,7,6,5.5,9,7.5,8.5,7.5,8.5,6.5,9,7.5,9,8.289999994,1
Male,1,0,5.5,8,6,5.5,5,5.5,6,7,7,6,6,6.5,5.5,8,8.5,5,7,7,5.5,5,5.5,5.5,7.5,5.5,8,6.5,7.5,6.5,5.5,5.5,6,6,8,6.42,1
Female,0,0,7.5,9,6.5,7.5,5.5,7,7,6,8,6.5,6.5,5.5,7,7.5,8.5,6,7,8.5,6,6,7,5.5,7,7.5,7.5,7.5,7.5,8,6,5,7.5,7,9,7.2,1
Male,0,1,7.5,8.5,6,5,8,7.5,8,0,7.06,6.5,6.5,5,5.5,5.5,7,8,8,7,5.5,5.5,7.5,6.5,6.8,7.06,6.5,7,7,5,7.5,7.06,8,8.5,6,7.11,1
Male,0,1,8,7,5,6,5.5,5,5,5.5,7.5,5.5,5,5,5.5,5.5,8.5,6,5.5,7.5,5.5,6,5,6.5,6,8.5,6,5,5.5,5,6,5.5,5,6,8.5,6.03,1
Male,0,0,0,0,0,0,0,0,0,0,0,0,4,0,0,0,0,0,0,0,0,0,0,0,0,0,0,0,0,0,0,0,0,0,0,0.12,0
Male,1,1,5.5,6,6.5,7,5,6.5,7,5.5,6.5,5.5,5,5,5,5.5,8,5,6,0.5,6,5,5.5,7,6.5,6.5,6.5,5,5.5,5,6,7,7.5,6,8.5,5.92,0
Male,0,1,8.5,5,6.5,5.5,5,6.5,5,0,6.1,5,6,5,5.5,5.5,5.5,5,8,7,5,5.5,5,5.5,5.4,6.1,5.5,8,6,5,7,6.1,6,7,5,6.16,1
Male,0,0,7,8,6,7.5,6,5.5,5,7,6.5,6,5.5,5.5,5.5,7.5,8.5,5.5,6.5,7.5,6,5,5.5,6,6.5,5.5,7.5,7,7,8,6.5,5,7.5,7,8.5,6.6,1
Male,1,0,6.5,7.5,5,8,6.5,6,8,6,7.5,6,6.5,7,6.5,6.5,7.5,6.5,7,7.5,5,5.5,7,5.5,7,8,7,5.5,6.5,7,7.5,6,5,5.5,9,6.62,1
Male,0,0,6,8.5,5,5,5,6,5.5,5.5,7.5,6,6,6,5.5,6.5,8.5,5.5,6.5,7.5,5.5,6,5.5,5.5,9,6,7,6.5,6.5,6.5,6,6,5,5.5,8,6.2,1
Female,1,0,8.5,9,6,6.5,5,7,6,7.5,10,5.5,7,5.5,6,8,9,6,7.5,7.5,6.5,5,6.5,6,8,6,8,7.5,8,7.5,6.5,5.5,7.5,7,9,7.430000003,1
Male,0,0,6,6.36,7,6.36,7,6,7,5.5,6.36,5,7,6,7.5,5,7.5,7,5,7,8,5,5,6,5.5,6,5,8.5,7.5,7.5,7.5,8.5,8.5,7,9,7.04,1
Male,1,1,5.5,6.91,7.5,6.91,8,6.5,7.5,6,6.91,5.5,7.5,6,9.5,6,7.5,8.5,7,8,8.5,7,6,6,6.5,6,6.5,8.5,8,6.5,7,9,8,7.5,9,6.71,1
Male,1,0,5.5,6.47,6.5,6.47,6,6.5,6.5,6.5,6.47,6.5,6.5,5.5,9,6.5,7,8,7,6.5,8,5.5,6.5,5.5,6,7,6,7.5,7,7.5,7,8,8,7.5,9,6.29,1
Male,1,0,6.5,6.42,6.5,6.42,6,6.5,7.5,6.5,6.42,5.5,6.5,6,9,5.5,7.5,7.5,7,7,8,5.5,7,6,6,6,6,7.5,7.5,7,5.5,9,8,7,9.5,6.8,1
Male,1,1,6,6.07,6.5,6.07,6,6,6.5,7.5,6.07,5.5,5,5.5,8,6.5,7.5,6.5,6,6.5,7,5.5,5.5,5,5,5.5,5.5,7,5.5,7,6,9,8,6.5,9,6.35,1
Male,1,1,7,7.3,8,7.3,7,7,8.5,7.5,7.3,6,8,6,10,7,6.5,8,7,7.5,8.5,5.5,7,7,7.5,6.5,8,8.5,9,7,7.5,9,9,8.5,9.5,7.74,1
Male,1,0,5,6.56,5.5,6.56,6,5.5,6.5,6.5,6.56,5.5,6,5.5,9,6.5,8,8,7,7.5,8.5,5,6,6.5,5,6,6,7.5,7.5,7.5,7.5,8.5,8.5,6.5,8.5,6.4,1
Male,0,0,7.5,7.58,7.5,7.58,7,7.5,8,9,7.58,6.5,7.5,7,10,9,9,8,9.5,7.5,9.5,7,7.5,7,8.5,6.5,7,8,9,8.5,9,9.5,8,8,9,7.89,1
Male,1,0,6.5,6.49,7.5,6.49,7,7.5,8,7,6.49,6.5,7,6,8.5,6,6.5,7.5,5,6.5,9,5.5,6,7,7.5,5.5,6,6.5,6.5,7.5,6.5,9,8,7.5,9,7,1
Male,0,1,6.5,6.54,7,6.54,5.5,6,7,6.5,6.54,5.5,5.5,6,8.5,6.5,9,7.5,6.5,6.5,8.5,5.5,6,5.5,6.5,6,6,7,6.5,8,8,9,8,7.5,9,7,1
Male,0,1,6.5,7.1,9,7.1,7.5,7,9,6.5,7.1,7,9,6,9.5,7,8,9,7.5,7.5,9.5,5,6.5,6.5,6.5,6.5,6.5,7.5,9,8,8,9,8,8.5,9.5,6.65,1
Male,1,0,6,6.41,6.5,6.41,6,7,7.5,6,6.41,5,7,6.5,9.5,7.5,6.5,8,7,6.5,8,5.5,6,6,6.5,6,5.5,6.5,7.5,6.5,5.5,7.5,7.5,7.5,8.5,7.55,1
Male,1,0,5,6.19,5.5,6.19,6,5,7,5,6.19,7,6,6,8,5.5,8,7,7.5,6.5,8,5.5,7,5.5,5.5,6,5.5,7,6,7,7,8,9,7,9,6.51,1
Male,1,0,9,7.33,8,7.33,7,6,7.5,7.5,7.33,6,7.5,6.5,9.5,7,8,8.5,9,8,9.5,7,6.5,6,5.5,6.5,6.5,8.5,7.5,8,7.5,9,8,8.5,9,4.9,1
Male,1,1,5,7.5,7,6,5.5,6.24,6.24,6,6,6.24,6,6.5,6.24,6,7,5.5,7,6,5,5.5,6,5,6,6.5,7,6,6,6,8,6.24,6,8,6.24,6.23,1
Male,1,0,7.5,7.5,5.5,7,6.5,7.16,7.16,8,6,7.16,6.5,6.5,7.16,6,7,6.5,8.5,6,5,6,8.5,5.5,6,6,6,6,6.5,8,8.5,7.16,6,8,7.16,7.18,1
Male,1,1,8,9,8,5.5,6.5,5.72,5.72,8.5,6.5,5.72,6,8,5.72,7.5,7,6.5,8,7.5,5.5,5.5,6,8.5,6,5,6,7.5,6.5,6.5,8.5,5.72,7,7,5.72,5.960000005,0
Male,0,0,6.5,7,6.5,7,6,6.67,6.67,5.5,6,6.67,6.5,7,6.67,6,5,5.5,5.5,6,6.5,5,6.5,7,5,5,6.8,6,6.5,5,5.5,6.67,5.5,6,6.67,6.930000011,1
Male,1,1,5,7.5,5,5.5,5.5,5.99,5.99,6.5,6,5.99,5.5,5.5,5.99,6.5,6,6,6.5,5.5,5.5,5,6.5,6,5.5,5.5,6,5.5,5.5,5.5,7.5,5.99,6.5,6.5,5.99,6.06,0
Male,1,0,7,7,6,5.5,6,6.76,6.76,7.5,5.5,6.76,7,5.5,6.76,5.5,7.5,6.5,8,6.5,6.5,7.5,6.5,6,7,9.5,6.5,6.5,7.5,8,7.5,6.76,5.5,7.5,6.76,6.590000001,1
Male,0,1,5.5,6.5,7,5.5,6.5,6.48,6.48,5.5,5.5,6.48,7.5,5,6.48,6,8,5.5,7,5,7,6.5,5.5,5.5,6.5,7.5,7.5,5.5,5,8,7,6.48,5.5,7.5,6.48,6.47,1
Male,0,0,5,7.5,7,6,5.5,6,5.5,6,6,6.5,6,6.5,8,6,7,5.5,7,6,5,5.5,6,5,6,6.5,7,6,6.5,6,8,6.26,6,8,6.26,6.26,1
Male,1,1,7.5,7.5,5.5,7,6.5,7.5,6,8,6,6.5,6.5,6.5,7.5,6,7,6.5,8.5,6,5,6,8.5,5.5,6,6,6,6,6,8,8.5,6.72,6,8,6.72,6.72,1
Male,1,0,8,9,8,5.5,6.5,8.5,6.5,8.5,6.5,6.5,6,8,8,7.5,7,6.5,8,7.5,5.5,5.5,6,8.5,6,5,6,7.5,5.5,6.5,8.5,6.81,7,7,6.81,7.120000012,1
Male,0,0,6.5,7,6.5,7,6,6.5,7,5.5,6,6.5,6.5,7,5.5,6,5,5.5,5.5,6,6.5,5,6.5,7,5,5,6.8,6,5,5,5.5,5.93,5.5,6,5.93,5.9,0
Male,0,0,5,7.5,5,5.5,5.5,7,5.5,6.5,6,6,5.5,5.5,5,6.5,6,6,6.5,5.5,5.5,5,6.5,6,5.5,5.5,6,5.5,5,5.5,7.5,5.93,6.5,6.5,5.93,5.93,0
Male,1,0,6,8.5,5,7,7,5.5,5,5,6,6,7,5.5,5,7,6,7,6,7.5,6,5.5,7,5.5,6,6.5,6.5,7,8.5,7.5,7.5,5,7.5,7.5,9,6.72,1
Male,1,0,5.5,9,5.5,7.5,8,6,7.5,6,6,6.5,7.5,7.5,6.5,6.5,6,7.5,8,9.5,7,6.5,8.5,6,6,6.5,6.5,8,8.5,7.5,8,6,8,6.5,9,7.22,1
Male,1,0,5.5,8,6.5,6.5,6,6.5,6,6.5,5.5,6.5,6.5,6,6,6,7,6.5,5,9,7,5.5,8,6.5,5.5,7,7,6.5,7.5,7,7,6.5,7,7.5,9,6.78,1
Male,1,0,6.5,9,5.5,6.5,6,6.5,6.5,5.5,6,6.5,7.5,6.5,6,6,6,6.5,5,9,6,6.5,7.5,5,6,7,6,7,7.5,7.5,7.5,7,7,7,9.5,6.75,1
Male,1,1,6,9,5.5,6.5,6,7.5,5,6.5,5.5,6,6.5,6,5.5,7,5.5,5,5.5,8,5,5.5,6.5,5.5,5,5,6.25,6.5,7,7.5,5.5,5.5,7,7,9,6.21,1
Male,1,0,7,9,6,8,7,7.5,7,7,6,7,8.5,8,8,7,6.5,8,8.05,10,8.5,7.5,8,6,7,7,6,7.5,8.5,6.5,9,7,8.5,7,9.5,7.58,1
Male,1,0,5,8.5,5.5,5.5,6,6.5,5.5,6.5,5.5,5.5,6.5,6,6,5.5,6,6,8,9,6.5,6.5,8,6.5,6.5,7.5,7,7.5,7.5,8,7.5,6,7.5,7.5,8.5,6.78,1
Female,1,0,7.5,9.5,6.5,7.5,7,9,7,9,7,7.5,8,8,7,7.5,6.5,7.5,8,10,8,8,8,6.5,7,7.5,7.5,7.5,8,9,9,7.5,8.5,8.5,9,8.150000011,1
Male,0,0,6.5,9,6.5,7.5,7,7,6.5,6,6,7.5,8,6,6,7,5.5,7,6,8.5,5.5,6,7.5,5,7,7,7,6.5,6.5,6.5,6.5,6,6.5,7.5,9,7.050000012,1
Male,1,1,6.5,9,5.5,7,5.5,6.5,7,6.5,6,6,7,6.5,6,6,6,5.5,6.5,8.5,6,5.5,7.5,6.5,5.5,6.5,6.5,6.5,7,9,6.5,6,7,8,9,6.85,1
Male,1,0,6.5,9,7,9,7.5,6.5,6.5,7,6,7,9,6,6.5,7.5,6.5,9,6.5,9.5,6.5,5.5,9,6,6.5,8,8,7.5,7.5,8,9,6.5,7.5,8,9.5,7.620000011,1
Male,1,0,6,7.5,5,6.5,6,6,7,7.5,6.5,7,7.5,6,5.5,6,6,7,6,9.5,6.5,5,8,5.5,6,7.5,6,6.5,6.5,6.5,7.5,6,6.5,6.5,8.5,6.71,1
Male,0,0,5,8,7,5.5,6,5,5,5.5,6,5,7,7.5,5.5,5.5,6,6,6.5,8,5,5.5,7,5.5,5.5,7.5,7,6.5,7,8,6,7,6.5,7,9,6.43,1
Male,1,1,9,9,6,8,7,7.5,6.5,7,6.5,6,7.5,8,6.5,7,6.5,7.5,8,9.5,8.5,7,8.5,7.5,6,7,7,8,8.5,8,7.5,6.5,8.5,8,9,8.100000006,1
Male,1,1,5,5.9,5.5,7,9.5,7.5,5.9,5,5.5,5.5,5.5,5.5,6.5,6,5,5,6.5,6,5.9,6,5.9,6.5,6.5,6,5.5,5,5.9,8,7,7.5,5.5,9,5.5,6.2,0
Male,1,0,6.5,5.65,6,6,6.5,5.5,5.65,6.5,5.5,5,6,5,6.5,5,7.5,5,5.5,6.5,5.65,5.5,5.65,7.5,6,5,6.5,5,5.65,6.5,6.5,9,5,7,5,5.93,0
Male,0,1,5,6.28,7.5,7.5,8.5,8.5,6.28,6.5,5,5.5,6,5.5,9,5.5,5,5,8.5,6.5,6.28,5.5,6.28,5,6.5,5,6.5,6,6.28,7,6,8.5,6.5,10,6,6.59,1
Male,1,0,5,6.71,7.5,8,8.5,7,6.71,6,6.5,6.5,7,6,6,5.5,8,6.5,9,5,6.71,7.5,6.71,7.5,7.5,7.5,6,6.5,6.71,8,8,8,6,8,7,7.04,1
Male,0,0,5,5.58,7,5.5,7,5.5,5.58,5,6,7,5.5,5.5,5,5.5,7.5,5,5,7,5.58,5,5.58,7.5,5,5.5,5.5,5,5.58,6.5,6,7.5,6,8,5,5.88,0
Male,1,0,5,5.92,6.5,7.5,6.5,6,5.92,5,6,6,6.5,5,7.5,5,6.5,6,6.5,5,5.92,8,5.92,6.5,5.5,5,6,5,5.92,8.5,7,8,5,9,6,6.23,0
Male,1,0,5,6.19,7,6,8.5,5,6.19,5.5,5.5,5.5,6.5,5,7.5,6,7,5,6.5,5.5,6.19,7.5,6.19,5,6.5,7,7.5,6.5,6.19,8.5,6,6.5,5.5,7.5,5,6.5,1
Male,0,0,6,5.61,5.5,6.5,7.5,5.5,5.61,6,5,5,5.5,5.5,6.5,5.5,5,5,5.5,5,5.61,5.5,5.61,5.5,6,5,5,5.5,5.61,7,5,8.5,6,7,6,5.89,0
Male,1,0,5,6.56,5,6.5,7.5,9,6.56,5,5.5,6,5,7.5,7.5,6.5,8,8.5,6.5,5,6.56,6,6.56,5.5,7,6.5,7.5,6.5,6.56,9,6,8,5.5,9,5.5,6.88,1
Male,1,1,5,6.68,6,7,7,9,6.68,7.5,6,7,7,6,5.5,6.5,8,5.5,8.5,6.5,6.68,7.5,6.68,6.5,7.5,8.5,7,7.5,6.68,8,8.5,8,5.5,8.5,5.5,7.01,1
Female,0,0,5,6.08,7,5.5,7,6,6.08,6,7,6.5,5.5,7,8.5,7,7,5,5.5,5.5,6.08,7,6.08,7,6,5,6,6.5,6.08,6.5,6,7.5,5.5,9.5,6.5,6.39,1
Male,0,0,5.5,6.06,6.5,6,7.5,5,6.06,5.5,5,7,6,5.5,5,7.5,6,5,5.5,8,6.06,5.5,6.06,8.5,6.5,6,6.5,6,6.06,7.5,7.5,7.5,5.5,9,6,6.36,1
Male,0,0,5,5.9,7,7,7.5,5.5,5.9,5.5,5,5,5,5,5.5,6,7.5,5,6,6,5.9,6.5,5.9,5.5,6,6.5,6,6.5,5.9,7,7,9.5,5.5,8.5,5.5,6.19,0
Male,1,0,5,5.92,6,7.5,7.5,6,5.92,6,5,7,7,5.5,7.5,5.5,5.5,5,6.5,6,5.92,5,5.92,6.5,6,5,6.5,6,5.92,8,7,7,5.5,8,5,6.22,0
Male,1,0,5.5,6.72,7,7.5,8,7.5,6.72,7,5,7.5,7,6,9.5,7.5,6.5,5,6.5,5,6.72,7,6.72,6,7,6.5,6.5,7.5,6.72,8,8,9.5,6,10,5.5,7.06,1
Male,1,1,5.5,5.49,6,5,7.5,5.5,5.49,5.5,5,5.5,6,5,5,5.5,7,5,7,5,5.49,7.5,5.49,6,5,5,6,5,5.49,7,6,7,5,7,5.5,5.78,0
Male,0,0,5,5.83,7.5,5.5,7,5,5.83,6.5,5.5,6,6.5,5,6.5,5.5,8,5,6.5,6,5.83,6.5,5.83,7.5,6,5.5,6.5,5.5,5.83,7,6,7.5,5,8,5.5,6.12,0
Female,1,0,5.5,7.14,7.5,8.5,9.5,7.5,7.14,7.5,8,7.5,7,6.5,10,8,6,6,9,6,7.14,7,7.14,6.5,8.5,6.5,7,8,7.14,8,7.5,9.5,7,9.5,5.5,7.48,1
Male,0,0,5,6.01,6,7.5,7,6.5,6.01,5.5,5.5,6,7,5,7.5,5.5,6.5,5,8,5,6.01,6,6.01,6,6.5,5,6,6.5,6.01,8,7,7,6.5,9.5,6,6.31,1
Male,1,1,5,5.94,7,6,8,5,5.94,6,5,6,5.5,5,7,5.5,7.5,6,6.5,5.5,5.94,6.5,5.94,6,7,5,6,6,5.94,7,6,8.5,6,7,5.5,6.23,0
Male,1,1,5,6.75,7,8.5,8.5,6,6.75,7,7,5.5,8,6,10,5.5,6.5,7.5,7.5,6.5,6.75,8,6.75,7.5,6,6.5,5.5,6,6.75,8.5,9,8,6.5,9,8.5,7.61,1
Male,1,0,5,6.72,7.5,8,8,9,6.72,6,5.5,7,5.5,5.5,7.5,6.5,7.5,5.5,7.5,6,6.72,6.5,6.72,6,7,5.5,7,6.5,6.72,8.5,7.5,7.5,5.5,9.5,5,7.06,1
Male,0,0,5,6.13,7.5,7.5,7.5,6,6.13,6,6,5,5.5,8,8.5,5,7.5,5.5,6.5,6.5,6.13,5,6.13,5,7.5,5.5,6.5,5.5,6.13,8.5,5.5,8,5.5,7.5,5.5,6.42,1
Male,0,0,5,6.23,5,7,8,5.5,6.23,6,5.5,7,6.5,6,8.5,6.5,6,6,8.5,5,6.23,6,6.23,7,7.5,6.5,7,5,6.23,8.5,6.5,8,5.5,8,6,6.52,1
Female,1,0,6,7.43,7.5,7,9,10,7.43,7.5,7.5,8.5,5.5,9,8.5,7,7.5,5.5,8,6.5,7.43,9.5,7.43,7.5,7,7.5,7,8,7.43,8,8.5,8.5,8,10,6,7.81,1
Male,0,0,6.5,5.41,6,5,6.5,5.5,5.41,6.5,5,5.5,5.5,5,5,6,6,5.5,5.5,5.5,5.41,6.5,5.41,5.5,7,5,6.5,5,5.41,7,5,8,5,7.5,5,5.66,0
Male,1,0,5.5,5.74,7,6.5,7,5.5,5.74,5,5,7,8,5,6.5,6,7.5,5.5,5.5,6,5.74,6,5.74,5.5,5,5,6,5,5.74,7,5.5,8.5,5,7.5,7,6.04,0
Male,0,0,5,6.75,7,8,8.5,7.5,6.75,6,7,6,7.5,6.5,9,6.5,6,6,8,5.5,6.75,6,6.75,5,7,5,6.5,7.5,6.75,7,8,7.5,7.5,8.5,6.5,7.05,1
Male,0,0,5,5.68,6,7.5,7,5,5.68,5,5.5,5,5,5.5,6.5,6,6.5,6,6,5.5,5.68,5.5,5.68,6,7.5,6.5,6,5,5.68,7,5,8,5.5,7,5.5,5.94,0
Male,1,1,6,6.68,6,6.5,8.5,7.5,6.68,6.5,7,6.5,6,7,10,6.5,5.5,8.5,8,6.5,6.68,8.5,6.68,7,6.5,5,6.5,6.5,6.68,7.5,6,8,6.5,9,5,7.02,1
Female,1,0,6,6.76,7,8.5,8.5,6,6.76,8.5,6,7.5,7,6.5,7.5,6,5,5,7,5,6.76,7.5,6.76,8.5,7,5,6,7,6.76,8,9,7.5,6.5,8.5,6,7.1,1
Male,1,0,5,6.17,6.5,6,8,5.5,6.17,5.5,5.5,5.5,5.5,6.5,7.5,6,7.5,8.5,7.5,6,6.17,5,6.17,7.5,7,6.5,5.5,5,6.17,9,6,7.5,6,8.5,6,6.47,1
Male,0,0,5.5,6.82,6.5,7,8,7,6.82,6,7.5,7,6.5,6,9,6.5,7.5,5.5,9,5,6.82,6.5,6.82,7,7,5.5,5.5,6.5,6.82,7.5,8,8,7.5,9,6.5,7.16,1
Male,0,0,5,6.08,6.5,7.5,8,6.5,6.08,5.5,5,7,6.5,5.5,7.5,7,5,5.5,7.5,5,6.08,6.5,6.08,5,6.5,5.5,6.5,6.5,6.08,8,6.5,7.5,6,10,6.5,6.38,1
Male,1,1,5,5.85,5.5,7.5,8.5,7,5.85,6,5,5.5,6,5.5,7.5,6,6,5.5,6.5,6,5.85,5.5,5.85,5.5,6.5,5,6,5,5.85,7.5,6,7,5,9.5,5.5,6.06,0
Male,1,0,5.5,6.5,6,2.5,7,6,5,6,7,4.5,8,6,5.5,7.5,7,7.5,6,6.5,6,6,6,6.5,7,6.5,7,7,6,7.5,6,8.5,6,7,6.5,6.64,1
Male,1,0,5.5,7,6.5,8.5,7.5,5,5,6.5,6,7.5,8,5,6,5.5,6,8,5,6,7,5.5,8,6.5,6,6,8.5,7,6,8.5,7,8.5,7,8.5,7.5,7.14,1
Male,0,0,6,7.5,6,6.5,6.5,5,5,5.5,6.5,8,7,5,5,5,5.5,7.5,5,5.5,5,6.5,6,5.5,6,5.5,7.5,2.5,3,8,6,7.5,4,6,6,5.21,0
Female,1,1,7,7.5,6.5,8,6.5,6.5,5.5,8.5,7.5,6.5,9,6.5,6,7,5.5,8,7,5.5,8,7.5,7.5,6.5,8,5.5,8.5,7.5,8,9.5,7.5,8.5,7.5,8,7.5,7.52,1
Male,1,0,5.5,8.5,7,7,6.5,6.5,5,7,6.5,6.5,6,6.5,6,7.5,6,7,7,7,6.5,5.5,7,5.5,6.5,7,7.5,7,5,8,5,8,6,6,5.5,6.58,1
Male,1,0,6,6.5,6,7,7,6,5.5,7.5,6.5,6.5,7,6,6,6.5,5.5,7,5.5,6.5,7,8.5,8,6,7.5,6.5,7.5,7,6.5,8,6,8.5,6,7,7,6.94,1
Male,1,1,7,7.5,6,6.5,7,5.5,5.5,8.5,7,6.5,6,5.5,5,5,5.5,7,7,6.5,6.5,6,6.5,8,6,6.5,8.5,7,6,8.5,8,8.5,6,7,6,6.87,1
Male,1,0,6,8,6.5,8.5,8,7.5,6.5,8,7.5,9.5,7.5,7.5,6,8,7,9,6.5,6,7.5,6,8,6,7,6,7.5,7,7.5,9,7.5,8,7,8.5,7.5,7.840000012,1
Male,1,1,6,8,7.5,8,7.5,7.5,5,6.5,7,7,7,7.5,6,7.5,8.5,7.5,6.5,7,7,6,7.5,5.5,8.5,7,8.5,7.5,6.5,9,6.5,8.5,7,8.5,7.5,7.3,1
Male,1,0,5,8,6,8,8,7.5,4,0.5,7,3.5,7,7.5,5,7,7.5,6.5,5.5,6,5.5,1.5,7,5,7.5,6,8.5,6,6,7.5,6,7.5,3.5,7.5,6,5.16,0
Male,1,0,8,8,6,9.5,9,9,8,8,8,9.5,9,9,8,5.5,5,8.5,8,6.5,8,8,8.5,6,7.5,6.5,8.5,7.5,7.5,8.5,8,7,8.5,8.5,7.5,7.92,1
Male,1,0,6.5,8.5,6.5,8,6.5,6.5,6,5,7,6.5,8.5,6.5,6.5,7.5,8,8.5,5,7,7,5,7.5,6.5,7,7,9,7,7,8,6,8.5,6,8,6.5,7.03,1
Male,1,1,7.5,7,5.5,6.5,8,6,5.5,5.5,7.5,6,6.5,6,6.5,5.5,5.5,7.5,6,6,6,5.5,6.5,5,7.5,6,8,6.5,6.5,7.5,5.5,7.5,6,6.5,7.5,6.83,1
Male,1,0,6,8,6,8.5,7.5,6.5,5.5,9,8,8.5,7,6.5,8,5.5,6.5,7,7,6.5,8.5,6.5,8,6,8,6.5,9.5,8,8.5,9,7,8.5,8,8,8,7.7,1
Male,1,0,5,8,6.5,7.5,6.5,6.5,6,6.5,6.5,6,6.5,6.5,5,7.5,7.5,6.5,5.5,6.5,6,5,6.5,6.5,7.5,6.5,8,7.5,6.5,7.5,6,8.5,6.5,9,6,6.99,1
Female,1,0,6.5,8.5,7,9,7,8,7.5,8.5,8,7.5,9,8,7,7.5,8.5,7,7,6,7.5,6,8,8,8.5,6,7.5,8,7.5,8.5,7.5,8.5,8,8,7.5,7.960000003,1
Female,1,1,7,7.5,6.5,8.5,8,6,5.5,7.5,7,7.5,8,6,6.5,8,5.5,8,7.5,5,7.5,5.5,7.5,6.5,7.5,5,7.5,7,7.5,8.5,7,8.5,7.5,8,7,7.35,1
Male,1,0,6.5,8,6,8,7.5,5,5,5.5,7.5,6.5,9,5,6,5.5,7,8,8,6.5,4.5,5.5,8,4,7,6.5,8,6,6.5,9,7,7.5,6,6.5,7,6.7,1
Male,1,0,5.5,7,6,7.5,6.5,5,5.5,5.5,7.5,6.5,6,5,5.5,5.5,6.5,6.5,5.5,6.5,5.5,6,7.5,5,6.5,6.5,7.5,3,4.5,7.5,5.5,8.5,5.5,6.5,7,6.1,1
Male,0,0,5.5,7,6.5,7,7.5,5.5,6,5,7,7,7,5.5,6,6,8.5,6.5,5.5,6.5,7.5,6,7,7,7.5,6.5,7.5,7,6.5,8,6,8.5,7,8,7,6.97,1
Male,1,1,6,7.5,6,6.5,6.5,7,5,7.5,6.5,6,7,7,6,6.5,7.5,7.5,7,5,7.5,5.5,6,5.5,7.5,5,9,7.5,7.5,8.5,6,8.5,7,7.5,7.5,7.04,1
Male,1,1,7,7.5,6,7.5,8,8,6,9,7,9,8,8,7.5,6,7.5,7.5,6.5,6,9,7.5,7.5,7,7,6,9,7.5,8.5,8.5,7.5,8,8,9,7.5,7.82,1
Male,1,0,5.5,7,7.5,7.5,7.5,7,5.5,0,7,6.5,7,7,5,7.5,7,6.5,5,6,7,5.5,7.5,6,7,6,8.5,6,5.5,7.5,5,7,6.5,8,6,5.68,0
Male,0,0,5,6.5,6,7,6,0,5,4.5,7,4.5,7,0,6,7,0.5,2,8,6,6,5.5,6.5,6,6.5,6,8.5,6,5,7.5,2,8.5,5.5,6.5,2.5,5.25,0
Male,1,0,6.5,7.5,5.5,9,8,7,6.5,6.5,8,8.5,8.5,7,9,6.5,8,8.5,6.5,6.5,9,6,7.5,6.5,8,6.5,8.5,8,8,8.5,8.5,7.5,8.5,8,8,7.84,1
Male,1,0,6,7,6.5,7.5,7,8,7,7.5,8,8.5,7.5,8,6.5,7.5,7,7.5,5.5,7,7.5,6,6.5,6,7,7,8.5,6.5,7,8,6,9,7.5,8,6,7.27,1
Male,1,1,5.5,8,6.5,7.5,6.5,5,5,7,7,6,7,5,5,5.5,6,6.5,7,6,6,5.5,8,7,6.5,6,8,7.5,6,7.5,5.5,8.5,7,8,7,6.82,1
Male,1,1,6,8.5,6.5,8.5,8,8,6.5,6.5,9,8.5,8,8,5,7.5,8,8.5,7,7.5,7.5,6,8,5.5,7.5,7.5,8.5,7,7,8,8,8,7,7.5,7,7.57,1
Male,1,0,7,7,6.5,8.5,9,8.5,5,9,8,9,7.5,8.5,7,6.5,5.5,8,6.5,8,5.5,6.5,5.5,8,7,8,8.5,7,7.5,9,6.5,8,7.5,9,6,7.52,1
Male,1,0,6.5,7.5,6.5,7,7.5,7.5,5.5,0,6.5,5,6.5,7.5,5,7.5,6.5,7.5,5.5,6.5,5.5,5,6,5,6.5,6.5,7,7,6,9,6,8.5,3.5,7,6,6.01,1
Male,1,0,6,8,6,7.5,8,8,7,6,7.5,6,7,8,6,7,6,7,6.5,5,7,5,7,5.5,7.5,5,7,7,7,8,5.5,8.5,7,7,5,6.92,1
Male,1,0,7,6.5,6,7.5,6.5,7,6,5.5,7,8.5,6,7,5.5,7.5,5.5,8,5.5,5,5.5,6.5,7.5,5.5,7.5,5,7,7,6,7.5,6,8,5.5,7.5,5.5,6.63,1
Male,1,1,6.5,7,6,8,7,5.5,6.5,6,8,8,8,5.5,6,7.5,6.5,7.5,6,6.5,6,6,7,5,6.5,6.5,7,5.5,6,7.5,6,6.5,6,7,7.5,6.89,1
Male,0,1,7,7.5,6.5,8.5,7.5,8,6.5,8,9,8.5,7.5,8,6,6,7.5,7,7,7.5,8,5,7.5,6,8.5,7.5,8.5,8,7.5,8.5,6,8.5,8,8.5,7.5,7.990000012,1
Male,1,0,6,7,6,8,6,7,6.5,6.5,7.5,6.5,9,7,7,8,7.5,8.5,5.5,6,8.5,6.5,8.5,6.5,8,6,8.5,8,7.5,8.5,8,9,8.5,9,7.5,7.73,1
Male,0,0,5,7.5,6,7,7,6,5,5.5,7.5,6.5,6.5,6,5.5,6,6.5,7,7,5,6,5.5,6.5,6,7.5,5,7.5,7,6.5,8,6,8.5,6,5.5,6,6.56,1
Male,1,1,6,7.5,6.5,8.5,7,5.5,6,6.5,7.5,8.5,8,5.5,6.5,7.5,7,6.5,5,5.5,7,5,6.5,6.5,6.5,5.5,7.5,6,6.5,7.5,5.5,7.5,7,6.5,8,7.01,1
Male,1,1,5.5,7,6,7.5,7,7,5.5,8.5,7.5,7.5,6.5,7,5.5,6,5.5,6.5,7,6,7.5,5,6.5,5,6,6,8,7,6.5,8,6.5,8.5,7,6.5,7.5,6.8,1
Male,1,1,7.5,8,6,8.5,7,7,5.5,6,8,7,7.5,7,6.5,7.5,7.5,8.5,5.5,6,7.5,7.5,7.5,6.5,7,6,7,7.5,6.5,8,7,8,7,8,6,7.29,1
Male,1,1,6.5,7,6,8.5,7,6.5,7,5.5,8.5,9.5,8.5,6.5,6.5,5.5,5.5,9,6,8,6.5,6,8,7,8,8,7.5,7,7,9,6.5,8.5,7,9,7,7.35,1
Male,1,0,5.5,7,6.5,7,6,5.5,5.5,6,7.5,7.5,7.5,5.5,5.5,7.5,6,7,4.5,6.5,5.5,5.5,2.5,5,6,6.5,7,6,6,7.5,5.5,6.5,5,6,7.5,5.73,0
Male,1,1,6.5,9,6.5,8,6.5,7.5,6.5,7.5,8,6.5,8,7.5,6.5,7.5,7,7,6,7.5,7.5,5.5,7,6,7,7.5,8.5,7.5,7,8.5,6,8,6,8.5,6.5,7.33,1
Female,1,1,6.5,7.5,6.5,8,7.5,6.5,5,5,7.5,7.5,7.5,6.5,5.5,8,6,8,5,5,2.5,6,4,5,7.5,5,8.5,6,4.5,8.5,6,8,5,8,6.5,5.61,0
Male,1,0,5.5,7.5,6.5,7.5,8,7.5,7,6.5,8,8.5,9,7.5,5.5,7.5,6.5,9,5,6.5,7.5,5.5,8.5,6,8,6.5,8,7.5,7,8.5,8,7.5,7.5,8.5,7.5,7.62,1
Male,1,0,6.5,6.5,6,7.5,7.5,5.5,5,7.5,7,6.5,7.5,5.5,5.5,5.5,7.5,7.5,5.5,6.5,6.5,6,8.5,5.5,6,6.5,8,7,6.5,8.5,7,8.5,7,8.5,7.5,7.1,1
Female,1,1,7.5,8.5,6.5,9,8,7.5,7.5,6,9,9,8.5,7.5,6.5,6.5,8,9,5,6,7.5,6.5,8,6.5,8.5,6,8.5,8,7.5,8.5,6.5,9,7.5,8.5,7,8.069999994,1
Male,1,1,7,7,5.5,8,7,5.5,5.5,7,7,7.5,7,5.5,5.5,6,7.5,7.5,6.5,7.5,6,6.5,8,5.5,6,7.5,7.5,7,6,8,7,7.5,6.5,7.5,8,7.01,1
Male,0,1,7,8.5,6,7.5,8.5,7,6,8,8.5,7.5,8,7,6.5,8,8,7,6,6.5,7.5,6.5,7.5,6.5,7.5,6.5,9,7.5,6.5,8,6,8.5,7.5,8,7,7.42,1
Female,0,0,6,8,5.5,8,6.5,8,6,7.5,8.5,8.5,8,8,6.5,8,7.5,8,6,8,8,8.5,8.5,6,8,8,9,7.5,8,8.5,7.5,9,8.5,8.5,8.5,7.86,1
Male,1,0,6.5,7,6,8,7,5.5,5.5,6.5,6.5,6.5,7,5.5,6,8,8,6,5.5,5.5,7,6,6.5,6.5,7,5.5,8.5,7.5,6.5,7.5,5,7,7.5,8.5,6.5,6.92,1
Male,0,0,7.5,7.5,6.5,7.5,6.5,7,6.5,8.5,7,7,7,7,6,6.5,6,7.5,7,6,7,6,6,8,8,6,8,8,7,8.5,6.5,9,7,9,7.5,7.510000012,1
Male,1,0,7,8.5,6,8,6.5,6,5.5,6.5,6.5,6.5,7.5,6,6,8,7,7,7,5.5,6.5,5.5,7,5,7,5.5,8,7,6.5,8,6,8,6.5,7,7,6.82,1
Male,1,1,5.5,6.5,7,8.5,7.5,5.5,5.5,7,7.5,6.5,8.5,5.5,5.5,7.5,6.5,8,5,5,6,6,7.5,8.5,6.5,5,7.5,6.5,6.5,7.5,7,8,7,7,7,6.86,1
Female,1,0,5.5,7,6,8,6.5,5,5,5.5,8,8.5,7.5,5,6,8,8,8,5,5.5,6.5,6,6.5,6.5,7.5,5.5,9,7,7,8,6,8,6,7.5,6.5,6.92,1
Male,1,0,6.5,8,6,9,7.5,5.5,6,8.5,7,8.5,8.5,5.5,7.5,6.5,6,9,5.5,7,7.5,6,8.5,6,6.5,7,8,8,7.5,9.5,7,9,8,9,8,7.74,1
Male,0,0,7.5,7.5,7.2,7,6,6.5,5,9.5,6.5,9,6,6.5,7,8.5,8,6.5,5.5,6,8,7.5,7.5,7,9,6,9.5,7.5,7.5,9,5.5,9.5,8,9,6.5,7.630000012,1
Male,0,0,5,8,6.3,7.5,6,7,5,6,7,6.5,9,7,7.5,5,6,8.5,5.5,6,6,5.5,8.5,6.5,7.5,6,8.5,5,7,8.5,6.5,7,6.5,9,7.5,6.86,1
Male,0,0,6,7,6.5,8.5,7,8,5,8,6.5,7.5,9,8,6,7.5,8,8.5,5.5,8,7,5.5,8,5,7,8,7,7,5,9,8,8.5,8,8,7.5,7.600000012,1
Female,1,1,7.5,7.5,6.5,9,7,7.5,5.5,8,8,8.5,9,7.5,6,7,8,7.5,5.5,6,6,6.5,8,6,7,6,8.5,5,6.5,8.5,6.5,8,7.5,9,6,7.3,1
Male,0,0,6.5,7,6,6.5,6.5,7,5.5,6.5,8,6.5,5.5,7,5.5,5.5,6.5,7,5.5,7.5,6,6,6,5.5,6,7.5,7.5,2.5,4,8,5.5,6.5,5.5,7.5,6.5,6.29,0
Male,1,0,5.5,8,6.5,8,7.5,7,5.5,9,7.5,6.5,8,7,6,7.5,7.5,8,7,5.5,7,6,7,6,6,5.5,7.5,7,6.5,8.5,6,8.5,6.5,7.5,5.5,7.11,1
Male,1,0,7.5,7.5,6,9,6.5,8.5,6.5,9,7.5,8.5,8.5,8.5,7.5,6.5,7.5,9,7.5,7.5,8.5,6.5,9,8,8,7.5,8.5,8.5,7.5,9.5,8,9,9,9,7.5,8.15,1
Female,1,0,7.5,8,6.5,9,6.5,8,7,8.5,7.5,8.5,8.5,8,7,7.5,7.5,8.5,7,7,7.5,8,8.5,8,8.5,7,8.5,8.5,8,9,6.5,7.5,8,8,8,7.89,1
Female,1,0,7,8.5,6,8.5,8,7,8,8,7,6.5,7.5,7,7,7.5,8.5,8,8,7,8.5,6,8,7.5,8,7,8.5,8,8,9,8,8.5,8,8.5,7,7.84,1
Male,1,0,7.5,7.5,5,6.5,5.5,4.5,4,4.5,7,5.5,6.5,4.5,0,5.5,6.5,6.5,5.5,5,4.5,4.5,0,4,6,5,5.5,5.5,2.5,7,2.5,2.5,7,7,5.5,3.99,0
Male,1,0,6,8,6.5,7,6.5,5.5,6.5,7,8,8,8,5.5,6,7.5,6.5,8,6.5,6.5,7.5,7,7,7.5,7,6.5,8,7.5,6.5,8.5,7,8,7,7.5,7,7.29,1
Male,1,0,8,9,6.5,7,7,8.5,7.5,8,8,8.5,6.5,8.5,8.5,7.5,6.5,6.5,5.5,6.5,8.5,6.5,7.5,6.5,7.5,6.5,8,8.5,8,9,6.5,9,8,9,8,7.86,1
Male,1,0,5.5,7.5,6,7.5,6.5,6,6.5,6,7.5,8,7,6,6,8,6.5,5.5,5,5.5,7,5.5,7,7,6.5,5.5,7.5,7,7,8,5,9,7.5,8,6.5,6.99,1
Male,1,1,6.5,8,6,6.5,7,7.5,5.5,7.5,5.5,6.5,7.5,7.5,6,7.5,7,7.5,5.5,5.5,6.5,6,7,7,7.5,5.5,8,7,7,8,6.5,8.5,6.5,8,6,6.95,1
Male,1,0,6.5,7.5,6.5,8,7,5.5,5.5,5,7,6,8,5.5,5.5,7.5,7,6.5,6,5,6.5,5.5,7,6,7.5,5,7.5,7,7,8,5.5,9,7,9,6.5,6.99,1
Female,1,1,7,7,7,6.5,6,5,5,6.5,8,8,7,5,5.5,7,8.5,7.5,6.5,7,6.5,5,7,6,8.5,7,8.5,5,7,8.5,5.5,8,7,8.5,7,7.03,1
Male,1,1,6.5,7.5,6,8.5,6,5.5,5,5.5,8,7.5,8.5,5.5,5.5,5.5,7,8,5,6,5.5,5,7.5,5.5,7,6,9,3,6.5,8,6.5,8.5,4,6,6.5,6.02,1
Male,1,1,7,7,6,5.5,7.5,6,5,6.5,7.5,6.5,6,6,6,5.5,8,7,5,6.5,6.5,6,7.5,5.5,6,6.5,8.5,7.5,6,8,5.5,9,5.5,6.5,7,6.37,1
Male,1,0,5.5,8.5,6,6.5,7,5.5,5,6,6.5,8,7.5,5.5,6,7.5,6,7,6.5,6.5,7,5.5,6,5,7.5,6.5,8,7,6.5,8,5.5,8,6.5,6.5,6.5,6.78,1
Male,1,0,7.5,6.5,6.5,8,7.5,5.5,5,5.5,7,8,8.5,5.5,6,6,8,8.5,6,6.5,7,5,7.5,6,8.5,6.5,9,7,7,8,8,8.5,7,9,7.5,7.36,1
Male,0,1,6,9,6,7.5,8,5.5,8,6.5,8,8,8,5.5,7,7.5,8.5,8.5,7.5,7.5,7.5,6.5,8,7,7.5,7.5,8.5,7.5,6.5,8,8.5,8.5,8,8.5,6,7.42,1
Male,1,0,6,7.5,6,7.5,6,6,5,5.5,7,7,5.5,6,6,6,8.5,7.5,5,6,6,5.5,7.5,5,6,6,7.5,7,6.5,8,5.5,6.5,6,7,7.5,6.48,1
Male,1,0,8.5,8,7,8,8.5,7.5,8.5,8,7,6.5,7.5,8.5,7.5,7.5,9,7.5,8,9,8.5,8,7,8.5,7.5,9,7,8.24,8.5,8,8.5,8,9.5,9,8.5,8.24,1
Male,0,0,8,8,7,7.5,6,8.5,7,9.5,8,5,7,5,6.5,7.5,5.5,8,7.5,8.5,6,8,6.5,7.5,6.5,8.5,6.5,7.22,7.5,7.5,8,9,8,6.5,7,7.22,1
Male,1,0,7.5,8,5.5,7.5,6.5,5.5,5.5,7.5,7.5,7,7,5.5,5,7,5.5,6.5,5.5,6.5,6,7,6,7,6,6.5,6,6.49,7,7.5,8,7.5,6,6.5,8.5,6.51,1
Male,0,0,8,8,6.5,8,8,7.5,7,7.5,0,6,8.5,5.5,5,7.5,6,7,6,7.5,6.5,6,5.5,7,7,7.5,6,7.07,7.5,8.5,8.5,8.5,7,9.5,7,7.26,1
Male,1,1,6.5,8,5.5,9,8.5,7.5,7.5,7,8.5,5.5,8.5,6.5,5.5,7,8.5,8.5,6,8.5,6,6,6.5,6,5,8.5,6.5,7.19,7,7,8.5,6.5,7,6.5,8,7.16,1
Male,1,0,7.5,7.5,6,7.5,5.5,5,4.5,4.5,7.5,6.5,7,5.5,5.5,7.5,6,7.5,6,7.5,6,6.5,5.5,7.5,6.5,7.5,7,5.72,7,7.5,7.5,7,0.5,7.5,5.5,5.38,0
Female,1,0,6.5,7.5,5,8,6,6,7.5,6.5,6.5,5.5,7,5.5,6.5,7,7,7,6,8,6,6,6,6.5,6.5,8,7,6.31,8,5.5,7.5,7.5,3,6.5,9.5,6.27,1
Male,1,1,5,7.5,5,7,6.5,6,5.5,5.5,7,7,7,5,6.5,7.5,8.5,7.5,6,8,7.5,5.5,7,7.5,7.5,8,7,7.16,7.5,8,7.5,8,8,8.5,8,7.16,1
Male,0,0,5.5,7,5.5,7.5,6,6,7,6,6.5,6,8,5,6,7.5,6.5,8.5,7,8,5,6.5,7.5,6.5,7,8,7.5,6.86,5.5,5,7,7,6.5,8.5,9,6.86,1
Male,1,0,5.5,7.5,5.5,8,6,6,6.5,5,6,5.5,5.5,6.5,5,7,6,8,6,7,5,7.5,7.5,7,6,7,7,5.79,5,6,5.5,7,6.5,6.5,2.5,5.55,0
Male,1,0,6,8,5.5,8,8,7,8,7,7,5.5,8,5.5,7,7,8.5,8,6,8,6.5,5.5,7,7.5,7,8,6.5,7.58,8,8,9,8.5,9,8.5,7,7.58,1
Male,1,1,6.5,7.5,5.5,8,7,7,6.5,7,6.5,5.5,8,5,5.5,7,5.5,8.5,5,7.5,5.5,6,6,7.5,6.5,7.5,7,6.65,7,7,8,6.5,7,8.5,6,6.64,1
Male,1,1,5,8,5,8.5,8.5,7,5.5,6,6,6.5,8,6,6.5,6,8,8,6.5,7,8,7.5,7,7.5,7.5,7,8,7.26,7.5,7.5,6.5,8.5,7.5,8,8.5,7.26,1
Female,1,0,7,8,5,8,6,7,8,6.5,7,6,6.5,5.5,5.5,8,6,8,6,7.5,6,7,7,7.5,7,7.5,6,7.09,7,7.5,8.5,8,7,8.5,8,7.09,1
Male,1,1,7,7.5,5.5,8,9,7.5,7.5,7,7,6.5,7.5,7,6.5,7.5,5.5,8.5,6.5,7.5,6,7.5,7,7,7,7.5,6,7,6.5,7,9,7,6,7.5,8.5,6.97,1
Male,1,0,7,9,6,9,8.5,8,8.5,7.5,8.5,9,8.5,8,8.5,8,9,9,8.5,8,8,7,6,8,8.5,8,8,8.15,7.5,8,8.5,9,8.5,9.5,9,8.14,1
Male,1,1,7.5,8,5,9,6.5,8,6.5,7.5,8,6.5,9,5.5,6,8,8,9,7,8,6.5,7.5,8,8,7.5,8,7.5,7.67,8,8,8.5,8,8,8.5,9,7.67,1
Male,1,0,6,7.5,5.5,8,8,6,5.5,6.5,6,5.5,7.5,5.5,6,7,7.5,8,6,7.5,5.5,7,6.5,7.5,7,7.5,6,6.77,7,7.5,7.5,8,6,6.5,6.5,6.8,1
Male,0,0,5.5,7,6,7.5,6.5,6.5,4,6.5,6.5,6,6.5,7,5.5,7,6,7,6.5,8,5.5,7,6,6.5,6.5,8,7.5,6.41,6,7,6.5,7,7,7,2.5,6.11,0
Male,1,0,8,8,5.5,8,8.5,5,5.5,7,7,6,7.5,6.5,6,8,8,8.5,5.5,7,5.5,7,6.5,7,7.5,7,7,7.21,6.5,8,8,8,7.5,7.5,9,7.24,1
Male,1,0,6.5,8.5,6,9.5,6.5,7.5,7,9,7,6,8.5,5.5,6.5,7.5,7.5,8.5,6,9,6,6.5,7,7.5,8,9,6,7.67,7,7.5,8.5,7,8,8.5,8,7.670000003,1
Male,1,1,6.5,7.5,5,8,7.5,6,7.5,6.5,7,5.5,6.5,6.5,6,6.5,8,7,6,8,5,7.5,7,7,7,8,7,7.05,6,8.5,7.5,8,6.5,8.5,8,7.05,1
Male,1,1,7.5,7.5,5.5,8,7,5.5,5,7,5.5,6,7.5,6.5,6,7,6.5,7,6.5,7.5,6.5,7.5,6.5,7.5,5,7.5,7,6.89,7,7.5,8.5,7.5,6,6.5,8,6.89,1
Male,1,0,6.5,8,5,9.5,6.5,5.5,5,7,7,7.5,6.5,6,5.5,6,8.5,7.5,5,8,5,7.5,8.5,6.5,7.5,8,7,7.13,6,7.5,8.5,7,5.5,8.5,9,7.130000001,1
Male,0,0,7,7,6,7,6.5,5,5,6,6,5.5,7.5,6,5,6,5,7.5,5.5,6.5,6,6.5,6,5.5,7,6.5,7,5.91,5.5,7,7.5,5.5,1,6,3,5.59,0
Male,1,0,6.5,7,6,7,5.5,5.5,6,7,7,5.5,6,5,5,6.5,7,7,5.5,7,5,5.5,7,6,5,7,6.5,6.47,7,6.5,6.5,7.5,7,8,8.5,6.47,1
Female,1,0,7.5,7.5,5.5,7.5,8,7,5.5,5.5,6.5,6.5,7.5,5.5,5,5.5,6,7.5,7,8,6,5.5,7,7.5,7.5,8,6.5,7,7.5,7.5,7,9,6.5,8.5,6.5,6.99,1
Male,1,1,5.5,7,6,8,7,6.5,7.5,5.5,7.5,5,6.5,5.5,5,6.5,7.5,5.5,6,7.5,2.5,7,6,7,6,7.5,6.5,6.44,7,7,7,6.5,7,7,8.5,6.17,1
Female,0,0,7,8,6.5,8,7,6.5,5.5,6.5,7,6,7.5,5.5,6,6.5,5.5,8,6.5,8.5,7.5,7,7,7,7,8.5,7,7.15,7.5,7.5,8.5,7,8.5,8.5,7,7.15,1
Male,0,0,6,8,6,9.5,3.5,6,6.5,0,0,8,8,5.5,8,7.5,8,8.5,6,8,8,5,6.5,7,7.5,8,6,7.49,8.5,8,8.5,8.5,8.5,9,7.5,7.300000001,1
Male,1,0,6,8.5,6,8,7,7.5,6.5,6.5,8,5.5,6.5,6,7.5,8,8,8.5,8,8,6.5,6.5,7.5,8,6.5,8,8,7.45,7,8.5,7.5,7.5,7.5,8,9,7.45,1
Male,1,0,6.5,8,7.5,9,9.5,7,8,8,7,6,7,7,6.5,7,8,8,7,9.5,8,6,8,8,7,9.5,7,7.85,8,7.5,8.5,6.5,8.5,9,8.5,7.85,1
Male,1,0,5.5,7.5,5.5,7.5,6,6,5.5,6,6.5,5.5,3,5,4.5,7,4.5,6.5,6.5,7.5,5.5,5,6,5.5,7,7.5,6.5,5.57,2.5,6,5,7,6,8.5,3,5.32,0
Male,1,0,7.5,7,6,8.5,7,5.5,5.5,6.5,0,7,6.5,6.5,5.5,6.5,7,7,5.5,7.5,6,7,7,7,7.5,7.5,6,6.5,5.5,8,7.5,7,5,7.5,9,6.53,1
Male,1,1,6.5,7.5,5.5,9,7,7,7.5,6.5,8,7,8.5,5.5,6,7,8,7,6,9,6.5,6,7,7,7,9,6,7.42,8,7,8,8,7.5,8.5,8,7.42,1
Male,1,0,7,7.5,5.5,7,6,5,6,6,6,6.5,7.5,4.5,6,5,6.5,2.5,4.5,8,5.5,7.5,5.5,5,7.5,8,7,4.89,2.5,0,6,7.5,5.5,6.5,2,4.68,0
Male,1,0,8,8,7.5,8,7,8,9,8.5,7,7.5,7.5,9,7,7.5,6.5,7.5,8.5,7.5,8,7.5,7.5,8.5,8,7.5,7.5,8,8.5,8.5,9,8,8,9.5,6.5,7.99,1
Male,1,0,5.5,7.5,5.5,7.5,7,5.5,6,6.5,5.5,5.5,7,7,5,6,6.5,6.5,5,7.5,5.5,5,6.5,7.5,6.5,7.5,8.5,6.51,5,6.5,5,7,7,7.5,8.5,6.51,1
Male,1,1,6,8.5,6.5,8,6,8,7,7.5,8.5,7,8,5.5,6,7.5,8.5,7.5,5,7.5,6.5,8.5,7,7.5,7.5,7.5,7,7.77,7.5,8.5,8,6.5,7.5,8.5,8,7.770000012,1
Female,1,0,7,7.5,7,9,6.5,5.5,6,8,8,8.5,8.5,9.5,7,8.5,1,9,7.5,0,9,9,8,8.5,8,0,8.5,5.5,8.5,3,9.5,9,1,0,0,5.28,0
Female,1,1,6,7.5,6,9,7,6.5,7.5,7,7.5,7,8.5,7,7.5,8,6.5,9,6.5,8,8,8,8,7.5,7,8,7.5,7.57,7.5,8,8.5,7.5,8.5,7.5,8.5,7.57,1
Male,1,0,7,7,7,7.5,7,7,7,6,5.5,6.5,6.5,5,6.5,7.5,8.5,7.5,7,8.5,7,6.5,7.5,7.5,6.5,8.5,8,7.24,7.5,9,6.5,6.5,7.5,9.5,8.5,7.24,1
Male,1,0,6,7.5,6,7.5,6,6,8,7,5.5,5.5,6,6,6.5,7.5,8.5,6,6,8.5,7.5,5.5,7.5,7.5,6.5,8.5,6.5,7.22,7.5,7.5,8,8,8.5,9,6.5,7.15,1
Male,0,0,5,8,5.5,8,5.5,6.5,7,6,8,6,8,6,6,7,0.5,7.5,6,8,5,8,7,7,6.5,8,8,5.67,5,3,3,7,4.5,7.5,8,5.38,0
Male,1,0,7,8,6.5,8,6.5,6,6,8,6.5,6.5,7.5,5.5,6.5,6.5,7,7.5,6,8,6.5,5.5,7,7,7,8,6.5,7,8,7.5,8,7.5,7,8,7,6.98,1
Male,1,0,5.5,8,5.5,8,5.5,5.5,6,6.5,7,6,5.5,5,5,6.5,7.5,7,5,7.5,6,5.5,5.5,7,7,7.5,6,6.65,7,7,7.5,6.5,6,8.5,8,6.65,1
Male,1,1,6.5,7.5,6,7,5.5,6,6.5,7,7,6.5,7,6,6,6.5,8,8,6,8.5,6,5.5,6.5,6,7.5,8.5,6.5,6.5,6,2,7.5,7.5,6,7.5,8,6.67,1
Male,1,1,6.5,7,6.5,8,6.5,5.5,5,8,8,5.5,6,6,6,6.5,5.5,8,5,7.5,7,7,6.5,6,8,7.5,8,6.89,5,7,7,7,7.5,8,9.5,6.89,1
Male,1,0,7,8.5,6,8.5,5,6.5,7,8,6.5,5.5,7,5,6.5,8,8,8,5,8,6.5,6,7.5,7.5,7.5,8,7,7.13,6.5,8,8,8.5,6,8,9,7.13,1
Male,1,0,6,6.5,5.5,8,6.5,5,5.5,7.5,6,6.5,6.5,6,5.5,6,6,8.5,3.5,8,6,6.5,7,6.5,7,8,6.5,6.4,7.5,7,6.5,6,6.5,7,8,6.39,1
Male,1,1,6.5,7,6.5,8,6,5.5,5.5,7,7,6.5,7,5,5.5,6,7.5,8,5,8,5.5,7.5,7.5,7,6.5,8,6,6.85,7,7,8.5,8,6,8.5,8.5,6.85,1
Male,1,0,5,7,7,8.5,5,6,5,7.5,7.5,6,8,6.5,6,7,1,8.5,5.5,6.5,5.5,7.5,7,6.5,7,6.5,7,6.25,6,7.5,8,8,6.5,7,9,6.79,1
Male,1,1,6,6.5,6,8,7,6.5,5,6.5,6.5,5,6,5.5,6,5.5,7,7,7,7.5,6,5.5,7,6.5,7,7.5,5.5,6.62,6,5,7,7,6.5,8,8.5,6.62,1
Male,1,0,5,8.5,5.5,8.5,7,6,6,5.5,6,6,6.5,6,5.5,6,8,8,5.5,7.5,6,6.5,7,6.5,5,7.5,8,5.87,6.5,0,6,6.5,6.5,7.5,2.5,5.52,0
Male,0,1,5,7.5,5.5,8,6.5,6,5.5,7,7,6,7.5,6.5,6,7.5,7,7,6.5,8,6,6.5,7.5,7,7,8,7.5,6.56,8,6.5,8,7,6.5,7,6.5,6.29,1
Female,1,0,6.5,6.5,5.5,7.5,7,6.5,7,6.5,6.5,6.5,6.5,5.5,6,7,7.5,5.5,6,8,6,7.5,7.5,7.5,7,8,8,7.14,6.5,9,6.5,8,7.5,8.5,7,7.14,1
Male,0,0,6.5,7.5,5.5,7.5,7,8.5,6.5,6.5,7,7,7.5,5.5,5.5,7.5,7,8.5,6,7.5,6,6.5,7.5,6.5,6.5,7.5,6.5,7.1,7,5,6.5,7.5,6.5,8,8.5,7.1,1
Female,0,1,6,8,9.5,7,9,8,8.5,7.5,7.5,6.5,8,7,7,6.5,8.5,8,6,8,7.5,7,7.5,8,6.5,8,8,8.13,8,9,8,8,8,9,9.5,8.130000012,1
Male,0,0,6,7.5,6.5,7,5,7,7,7.5,8,5,7,5,0,7,7.5,3,6.5,8.5,6.5,5,5.5,6.5,7,8.5,7,6.26,6,8,7.5,6.5,6,7.5,8.5,5.86,1
Female,1,1,7,8,6,7.5,6,7,5.5,7,7.5,7,7.5,7,5.5,8,6,5.5,6,7.5,6,8,6,6.5,8,7.5,6.5,6.94,7.5,7.5,7.5,8,6.5,8,8,6.94,1
Male,1,0,6,7.5,5.5,8,7.5,5.5,6,7,6.5,6,7.5,5,5.5,7.5,8,7.5,6,8,7.5,7.5,7,7,7,8,7.5,7.26,7.5,8.5,8,7,8,9,9,7.26,1
Male,1,0,6.5,7,7,8,6,7,5,6.5,7.5,6,7,7,6.5,6.5,8.5,7,7,8,6,6.5,7,8.5,7,8,8.5,7.13,7.5,6.5,6,8,7.5,8,7.5,7.13,1
Male,1,0,6.5,8.5,6,9,9.5,8.5,7.5,6.5,8.5,7.5,8.5,8.5,7.5,8,8,8,8.5,9,9,7.5,8,8,7.5,9,7,8.42,8.5,9,7.5,7.5,9,9.5,9.5,8.420000003,1
Female,1,0,5,8.5,5.5,7.5,7.5,6.5,5.5,6,6.5,6.5,8,6,7.5,6.5,7,8.5,5.5,7.5,6,7.5,7.5,8.5,8,7.5,7.5,7.3,8,8.5,7,8,7.5,8.5,8,7.3,1
Male,1,1,5,7.5,6,8.5,6.5,6,6,5.5,7.5,6,8.5,7,8,7.5,8.5,8.5,7,8,7.5,7.5,8,8.5,7,8,6.5,8.03,8,9,8.5,8.5,8,9.5,9,8.030000003,1
Male,1,0,5.5,7,5.5,7.5,8.5,6.5,6.5,6,6,7,6,5,6,7,8,8,5.5,7.5,6,7,7,7,6.5,7.5,6.5,6.8,6,6,6,7.5,7,8,9,6.8,1
Female,0,0,6,8,6,8.5,8.5,7.5,6.5,7,7,6,8,6.5,7,8,8.5,8.5,8.5,8,6.5,7.5,7.5,9,7,8,9,8.01,7.5,9,7.5,8.5,7.5,9,9.5,8.010000003,1
Female,1,0,6.5,9,6.5,9,8.5,7.5,6,6,9,8,8,6.5,7,8,8.5,9,7.5,8,6.5,6.5,8,8,7.5,8,8.5,8.14,7.5,8.5,9,8.5,7.5,9.5,9,8.140000003,1
Male,1,1,7,7.5,5.5,8.5,6,6,5,7,6.5,6,7,5.5,5,6.5,7.5,7.5,5,7,5,7.5,6,6.5,7.5,7,7.5,6.9,7,7,6.5,7.5,7,8.5,8.5,6.9,1
Male,1,0,5.5,8,5.5,8,6.5,6,5,6.5,7,4.5,7.5,4.5,6,7.5,7,8.5,5.5,8,5.5,7,5.5,7,5.5,8,6,6.55,8,7.5,8,7.5,3,6.5,8.5,6.24,1
Male,1,1,5.5,7,5,9,7,5,5.5,6,7.5,7.6,7.5,6,5,7,5,8.5,5.5,8,5.5,6.5,8,6,6,8,7.5,6.62,6,7,5,8,6.5,8,8.5,6.7,1
Female,1,1,6.5,8,5.5,7.5,6,7,7.5,7.5,8.5,7,8,5,7,7.5,8.5,9,8,9,7,8,7.5,8,7.5,9,7.5,8.04,8,9,9,7.5,8.5,9.5,8.5,7.910000003,1
Female,1,0,6.5,7.5,5,8.5,7.5,6,6.5,6,7.5,6.5,8.5,6,6,7.5,8.5,8,6.5,8,6,7.5,8,7.5,7.5,8,8.5,7.47,8,9,7,8,7,8,9,7.47,1
Male,1,0,6,7,5,7,5.5,5.5,6.5,5.5,6.5,5,6,5,4.5,7,7.5,8,5,7.5,6,6,6.5,6,6,7.5,6,6.83,7.5,7.5,6.5,7,7.5,6.5,9.5,6.84,1
Male,1,0,7,7,5,7,6.5,5,6,6.5,6,6.5,5.5,5,6.5,7,7,6.5,5.5,7.5,5.5,6.5,5.5,6.5,7,7.5,8,6.5,6.5,7.5,6.5,7,6,6.5,9,6.58,1
Male,1,0,6,6,6,7,5.5,5,6,6.5,5,6.5,6.5,6.5,4.5,7.5,8.5,7.5,5.5,8,5.5,7.5,5.5,6.5,7,8,7,6.52,5,7.5,7.5,7,5.5,9,8.5,6.26,1
Male,1,1,6.5,7.5,5,7,6,6.5,6.5,6,6,5,5.5,5,5,6.5,7,7.5,6.5,8,5.5,6,6.5,6,6.5,8,8,6.64,6,8,6.5,7.5,7,7,9,6.64,1
Male,1,0,6,8,6,8,5.5,5.5,6.5,5.5,5.5,5,6.5,6,5.5,7,7.5,8,5,9.5,6.5,6,6.5,6.5,7.5,9.5,6.5,7,7.5,7.5,7,9,7,6.5,8,7,1
Male,0,0,8,8,6,9,7,7.5,9,9.5,7,7.5,8.5,9.5,6.5,8,8.5,9,8,8,9.5,7.5,7.5,8.5,9,8,7.5,8.33,8.5,8,8.5,8,9,9.5,8.5,8.33,1
Male,1,0,7.5,7.5,5.5,8.5,6,7.5,6,7.5,6.5,6.5,8,7.5,5,7,8,8,7,7.5,8,7,7.5,8,8.5,7.5,6,7.67,8,8,8,8.5,7,8.5,8.5,7.67,1
Male,1,1,5.5,8,5,8,6,6,6,6,8,5,5,6,5,8,7.5,7,5,8.5,6.5,5.5,7,7.5,7,8.5,7,6.91,7.5,7.5,7.5,7,7,8,6.5,6.99,1
Female,1,1,7.5,8.5,5.5,9,5.5,6.5,5.5,7,6,8,8.5,8,6.5,7.5,7,9,7.5,7,8,7.5,7.5,7.5,7.5,7,8,7.5,7.5,8.5,7.5,8.5,6,9,9,7.5,1
Female,1,0,6.5,8.5,6.5,8,8.5,8,7.5,8.5,8.5,6.5,8.5,5,7.5,7.5,8.5,9,8,9,8,8.5,7,8.5,8,9,8.5,8.6,8.5,9,8.5,8.5,8.5,9.5,8.5,8.600000006,1
Male,1,0,8,7,5,7.5,7,5.5,5.5,6,6,5,6.5,6,5,8,7.5,8.5,6,7.5,5.5,7,6,6.5,6.5,7.5,6.5,5.43,2.5,3,7,7,5,7.5,2.5,5.2,0
Male,1,0,9.5,8.5,6.5,9.5,7.5,8,7,9,9,7.5,7.5,8,7,7.5,8.5,8.5,8,8,7.5,7.5,6.5,8,7.5,8,6.5,8.44,8,8.5,8.5,8.5,8,9.5,8.5,8.440000012,1
Female,1,1,6.5,8.5,6,8.5,5.5,6,6,8,6,6.5,7,5,6.5,7.5,6.5,8.5,7,7.5,7,5.5,7,7.5,7,7.5,6.5,7.41,8,8.5,7.5,8,8,8.5,9,7.41,1
Male,1,1,6.5,7,5.5,9,8,4.5,5,5,6,6.5,7.5,8,4.5,7,7,7,7,7,5,5,7,6,7.5,7,7,6.62,6.5,7,7,5.5,6,8,8.5,6.79,1
Male,1,1,6,7.5,5.5,8.5,8,7.5,6,7,8.5,7,8.5,8.5,7,7,8.5,9,6.5,8,7,7.5,7.5,7.5,7.5,8,7,7.65,8,7.5,8.5,7.5,8.5,6.5,8.5,7.65,1
Male,1,0,5,7,5.5,6,6,7.5,5.5,6.5,5.5,5,7,5.5,5,7,5,8,6,7.5,5.5,6,7,5.5,7,7.5,6.5,6.42,6,6.5,6,6,6,7.5,8.5,6.42,1
Male,1,0,7,8,6,7.5,5.5,8,8.5,9.5,8,6,6.5,8,5.5,7.5,8,6,6,7.5,6.5,8.5,6,7,7,7.5,7,7.38,8,7,8,9,8.5,7,6,7.38,1
Male,1,1,8,7.5,7,8,7,5.5,7,7,7,6.5,7,5.5,5,7,8,7,5,7.5,8.5,8,7.5,8,8,7.5,7,7.55,8,9,8,9,7.5,8.5,6.5,7.55,1
Male,1,0,7,8,6,8,8.5,7,9,0,7,7.5,8,9,8,0,7.5,7.5,0,7.5,7.5,6.5,6,7.5,0,7.5,5.5,6.16,6.5,2.5,7.5,6,6.5,8.5,2.5,5.3,0
Female,0,0,6.5,8.5,7,8.5,7,6,5,8,8.5,7,7.5,5,6,6.5,9,8.5,7,9.5,7.5,8,7.5,7.5,7,9.5,7,7.68,8.5,7.5,7,8,9,9,8.5,7.68,1
Male,1,0,6.5,7.5,5.5,8,9,7,8,8,7.5,6.5,8,6,8,7.5,8,8,6,8,8,7,7.5,7.5,7,8,7.5,7.83,8,9,7,7,8,9,9,7.83,1
Female,1,1,6,8,2.5,8.5,6,6,5,7.5,8.5,6.5,8.5,5,6,7,6.5,9,5.5,6.5,7,6.5,7,6.5,7.5,6.5,7,6.58,3.5,7.5,7.5,8.5,6,7,8,6.62,1
Male,1,0,7,3.5,5.5,8.5,6,6.5,5,7.5,5,7.5,7.5,5,5,6.5,5,8.5,6,7,6,8.5,6,5.5,6.5,7,6.5,6.2,3,7.5,7,5.5,5.5,6.5,8.5,5.9,1
Female,1,1,6,8.5,6,7,5.5,6,6.5,6,8,7.5,6,6,6,8,5.5,6,6.5,7,5,7,3,6.5,6,7,6,6.04,6,0,7,5.5,5,6.5,8.5,5.87,1
Male,1,1,6,7.5,6.5,6.5,6.5,5,6,7,6,6,7,5.5,6.5,6.5,6.5,7.5,6.5,6.5,6,7,5,5.5,6.5,6.5,6.5,6.41,6.5,7,6.5,8,5,6.5,6,6.14,1
Male,0,0,6,8,5.5,9,2.5,2.5,8.5,7,4,7.5,9,6,7,6.5,7,2.5,6.5,8,5,6.5,7,7,6,8,8,4.92,7,0,7,8.5,7.5,6.5,0,4.72,0
Male,1,0,7,8,5.5,8,6.5,5,5.5,7,6,7,7,5.5,6,8,7,8,5,7,7,7,5.5,6.5,7.5,7,8,6.73,5,8,6,8,5.5,6,8.5,6.73,1
Male,1,0,6,8,5,8.5,6.5,6,5,8,6,6,7,6,6.5,7.5,7,8.5,5,7,5.5,6.5,7,6.5,5.5,7,6.5,6.82,7.5,7,6,7.5,7,6.5,8.5,6.82,1
Male,1,1,6.5,7,7,9,8.5,6.5,5,7,7,5.5,8.5,5.5,5,6.5,6.5,8.5,5.5,8,6.5,7.5,7.5,8,7.5,8,7,7.55,7.5,8,7,7,6.5,8.5,9.5,7.550000012,1
Male,1,1,6.5,8,5.5,8,9,7.5,7,8,7.5,6,8.5,7,6,7.5,8.5,8.5,6.5,9,6.5,7.5,7.5,7,7,9,7,7.46,8,8,7,7.5,8,7.5,6.5,7.46,1
Male,1,1,5.5,8.5,5.5,7,6.5,6,5,6.5,6,7.5,7,5.5,5.5,7.5,7,6.5,5,7,5.5,5.5,5.5,6.5,5.5,7,6,7.03,8,7,5.5,7.5,9,9,8.5,7.03,1
Male,1,0,8,7.5,6,7,7,8,8,8,7.5,8,6,6.5,5,7,8,6,7,7.5,7.5,6.5,6,6.5,8,7.5,7,7.22,8.5,7,5,8,8,7,6.5,7.22,1
Male,1,0,6.5,8.5,5.5,8.5,8,6.5,6.5,6,7,6,8.5,7,7,7.5,7,9,7,7.5,2.5,6.5,8,7,7,7.5,8,6.73,8.5,5.5,6.5,7,7.5,8.5,9,6.46,1
Male,1,0,6.5,8.5,5.5,7.5,7,6,6,6.5,7,6,7,5.5,5,7.5,7,8,5.5,7.5,6,7,7,7.5,6.5,7.5,7,6,7.5,3,7,8.5,8,8,5.5,5.91,1
Female,1,1,6.5,8,5.5,7,7.5,5.5,6,5.5,6,6.5,7.5,5.5,7,7.5,6,8,5.5,8,6,5,7,6.5,7,8,7.5,6.91,7.5,7.5,5.5,8,6.5,6.5,7.5,6.91,1
